/*******************************************************************************
 * Size: 30 px
 * Bpp: 8
 * Opts: --bpp 8 --size 30 --no-compress --font ../fonts/Roboto-Medium.ttf --symbols °³µ --range 32-127 --format lvgl
 ******************************************************************************/

#ifdef __has_include
    #if __has_include("lvgl.h")
        #ifndef LV_LVGL_H_INCLUDE_SIMPLE
            #define LV_LVGL_H_INCLUDE_SIMPLE
        #endif
    #endif
#endif

#ifdef LV_LVGL_H_INCLUDE_SIMPLE
    #include "lvgl.h"
#else
    #include "lvgl.h"
#endif

#ifndef UI_FONT_ROBOTO_MED_30
#define UI_FONT_ROBOTO_MED_30 1
#endif

#if UI_FONT_ROBOTO_MED_30

/*-----------------
 *    BITMAPS
 *----------------*/

/*Store the image of the glyphs*/
static LV_ATTRIBUTE_LARGE_CONST const uint8_t glyph_bitmap[] = {
    /* U+0020 " " */

    /* U+0021 "!" */
    0xd5, 0xff, 0xff, 0xe1, 0x0, 0xcf, 0xff, 0xff,
    0xda, 0x0, 0xc9, 0xff, 0xff, 0xd5, 0x0, 0xc2,
    0xff, 0xff, 0xce, 0x0, 0xbd, 0xff, 0xff, 0xc8,
    0x0, 0xb6, 0xff, 0xff, 0xc2, 0x0, 0xb0, 0xff,
    0xff, 0xbc, 0x0, 0xaa, 0xff, 0xff, 0xb6, 0x0,
    0xa4, 0xff, 0xff, 0xaf, 0x0, 0x9e, 0xff, 0xff,
    0xaa, 0x0, 0x97, 0xff, 0xff, 0xa3, 0x0, 0x92,
    0xff, 0xff, 0x9d, 0x0, 0x8b, 0xff, 0xff, 0x97,
    0x0, 0x85, 0xff, 0xff, 0x91, 0x0, 0x72, 0xe8,
    0xe8, 0x7d, 0x0, 0x0, 0x0, 0x0, 0x0, 0x0,
    0x0, 0x0, 0x0, 0x0, 0x0, 0x2a, 0xaa, 0xb3,
    0x3d, 0x0, 0xd2, 0xff, 0xff, 0xf0, 0x5, 0xe5,
    0xff, 0xff, 0xfc, 0xd, 0x55, 0xea, 0xf3, 0x71,
    0x0,

    /* U+0022 "\"" */
    0x98, 0xff, 0xf4, 0x0, 0x34, 0xff, 0xff, 0x58,
    0x98, 0xff, 0xf4, 0x0, 0x34, 0xff, 0xff, 0x58,
    0x98, 0xff, 0xe8, 0x0, 0x34, 0xff, 0xff, 0x4c,
    0x98, 0xff, 0xd0, 0x0, 0x34, 0xff, 0xff, 0x35,
    0x98, 0xff, 0xb8, 0x0, 0x34, 0xff, 0xff, 0x1e,
    0x98, 0xff, 0xa0, 0x0, 0x34, 0xff, 0xff, 0x7,
    0x98, 0xff, 0x88, 0x0, 0x34, 0xff, 0xf0, 0x0,
    0x53, 0x8c, 0x40, 0x0, 0x1c, 0x8c, 0x79, 0x0,

    /* U+0023 "#" */
    0x0, 0x0, 0x0, 0x0, 0x0, 0x0, 0x99, 0xff,
    0xd0, 0x0, 0x0, 0x0, 0xe2, 0xff, 0x84, 0x0,
    0x0, 0x0, 0x0, 0x0, 0x0, 0x0, 0x0, 0xc8,
    0xff, 0xa2, 0x0, 0x0, 0x12, 0xff, 0xff, 0x56,
    0x0, 0x0, 0x0, 0x0, 0x0, 0x0, 0x0, 0x2,
    0xf4, 0xff, 0x72, 0x0, 0x0, 0x42, 0xff, 0xff,
    0x26, 0x0, 0x0, 0x0, 0x0, 0x0, 0x0, 0x0,
    0x26, 0xff, 0xff, 0x42, 0x0, 0x0, 0x72, 0xff,
    0xf4, 0x2, 0x0, 0x0, 0x0, 0x0, 0x0, 0x0,
    0x0, 0x56, 0xff, 0xff, 0x12, 0x0, 0x0, 0xa2,
    0xff, 0xc5, 0x0, 0x0, 0x0, 0x0, 0x0, 0x0,
    0x0, 0x0, 0x87, 0xff, 0xe2, 0x0, 0x0, 0x0,
    0xd1, 0xff, 0x96, 0x0, 0x0, 0x0, 0x0, 0xa0,
    0xff, 0xff, 0xff, 0xff, 0xff, 0xff, 0xff, 0xff,
    0xff, 0xff, 0xff, 0xff, 0xff, 0xff, 0x9c, 0x0,
    0xa0, 0xff, 0xff, 0xff, 0xff, 0xff, 0xff, 0xff,
    0xff, 0xff, 0xff, 0xff, 0xff, 0xff, 0xff, 0x9c,
    0x0, 0x2b, 0x44, 0x44, 0x59, 0xff, 0xff, 0x7c,
    0x44, 0x44, 0x91, 0xff, 0xfd, 0x47, 0x44, 0x44,
    0x29, 0x0, 0x0, 0x0, 0x0, 0x46, 0xff, 0xff,
    0x22, 0x0, 0x0, 0x91, 0xff, 0xd6, 0x0, 0x0,
    0x0, 0x0, 0x0, 0x0, 0x0, 0x0, 0x76, 0xff,
    0xf1, 0x1, 0x0, 0x0, 0xc2, 0xff, 0xa6, 0x0,
    0x0, 0x0, 0x0, 0x0, 0x0, 0x0, 0x0, 0xa6,
    0xff, 0xc2, 0x0, 0x0, 0x1, 0xf1, 0xff, 0x76,
    0x0, 0x0, 0x0, 0x0, 0x2f, 0x40, 0x40, 0x40,
    0xdc, 0xff, 0xb2, 0x40, 0x40, 0x55, 0xff, 0xff,
    0x79, 0x40, 0x40, 0x21, 0x0, 0xbc, 0xff, 0xff,
    0xff, 0xff, 0xff, 0xff, 0xff, 0xff, 0xff, 0xff,
    0xff, 0xff, 0xff, 0xff, 0x84, 0x0, 0xbc, 0xff,
    0xff, 0xff, 0xff, 0xff, 0xff, 0xff, 0xff, 0xff,
    0xff, 0xff, 0xff, 0xff, 0xff, 0x84, 0x0, 0x0,
    0x0, 0x0, 0x66, 0xff, 0xfb, 0x7, 0x0, 0x0,
    0xb2, 0xff, 0xb6, 0x0, 0x0, 0x0, 0x0, 0x0,
    0x0, 0x0, 0x0, 0x96, 0xff, 0xd3, 0x0, 0x0,
    0x0, 0xe2, 0xff, 0x87, 0x0, 0x0, 0x0, 0x0,
    0x0, 0x0, 0x0, 0x0, 0xc5, 0xff, 0xa2, 0x0,
    0x0, 0x12, 0xff, 0xff, 0x56, 0x0, 0x0, 0x0,
    0x0, 0x0, 0x0, 0x0, 0x2, 0xf4, 0xff, 0x72,
    0x0, 0x0, 0x42, 0xff, 0xff, 0x26, 0x0, 0x0,
    0x0, 0x0, 0x0, 0x0, 0x0, 0x26, 0xff, 0xff,
    0x42, 0x0, 0x0, 0x72, 0xff, 0xf4, 0x2, 0x0,
    0x0, 0x0, 0x0, 0x0, 0x0, 0x0, 0x56, 0xff,
    0xff, 0x13, 0x0, 0x0, 0xa2, 0xff, 0xc7, 0x0,
    0x0, 0x0, 0x0, 0x0, 0x0,

    /* U+0024 "$" */
    0x0, 0x0, 0x0, 0x0, 0x0, 0x0, 0x28, 0xff,
    0xff, 0x18, 0x0, 0x0, 0x0, 0x0, 0x0, 0x0,
    0x0, 0x0, 0x0, 0x0, 0x0, 0x28, 0xff, 0xff,
    0x18, 0x0, 0x0, 0x0, 0x0, 0x0, 0x0, 0x0,
    0x0, 0x0, 0x0, 0x0, 0x28, 0xff, 0xff, 0x18,
    0x0, 0x0, 0x0, 0x0, 0x0, 0x0, 0x0, 0x0,
    0x0, 0x0, 0x0, 0x28, 0xff, 0xff, 0x18, 0x0,
    0x0, 0x0, 0x0, 0x0, 0x0, 0x0, 0x0, 0x2,
    0x56, 0xb2, 0xe9, 0xff, 0xff, 0xdf, 0x96, 0x29,
    0x0, 0x0, 0x0, 0x0, 0x0, 0x15, 0xc5, 0xff,
    0xff, 0xff, 0xff, 0xff, 0xff, 0xff, 0xfb, 0x6f,
    0x0, 0x0, 0x0, 0x3, 0xc7, 0xff, 0xff, 0xff,
    0xf7, 0xd2, 0xe1, 0xff, 0xff, 0xff, 0xff, 0x53,
    0x0, 0x0, 0x56, 0xff, 0xff, 0xff, 0xaa, 0xe,
    0x0, 0x0, 0x4d, 0xf5, 0xff, 0xff, 0xe1, 0x3,
    0x0, 0xa0, 0xff, 0xff, 0xf6, 0xd, 0x0, 0x0,
    0x0, 0x0, 0x78, 0xff, 0xff, 0xff, 0x3a, 0x0,
    0xb8, 0xff, 0xff, 0xd4, 0x0, 0x0, 0x0, 0x0,
    0x0, 0x25, 0xff, 0xff, 0xff, 0x6b, 0x0, 0xaa,
    0xff, 0xff, 0xed, 0x4, 0x0, 0x0, 0x0, 0x0,
    0x8, 0x9c, 0x9c, 0x9c, 0x49, 0x0, 0x70, 0xff,
    0xff, 0xff, 0x81, 0x0, 0x0, 0x0, 0x0, 0x0,
    0x0, 0x0, 0x0, 0x0, 0x0, 0xf, 0xe5, 0xff,
    0xff, 0xff, 0xbc, 0x43, 0x1, 0x0, 0x0, 0x0,
    0x0, 0x0, 0x0, 0x0, 0x0, 0x32, 0xe9, 0xff,
    0xff, 0xff, 0xff, 0xdf, 0x7f, 0x1a, 0x0, 0x0,
    0x0, 0x0, 0x0, 0x0, 0x0, 0x18, 0xa1, 0xfd,
    0xff, 0xff, 0xff, 0xff, 0xf9, 0x91, 0xe, 0x0,
    0x0, 0x0, 0x0, 0x0, 0x0, 0x0, 0x23, 0x8b,
    0xe6, 0xff, 0xff, 0xff, 0xff, 0xdb, 0x1f, 0x0,
    0x0, 0x0, 0x0, 0x0, 0x0, 0x0, 0x0, 0x3,
    0x4d, 0xcd, 0xff, 0xff, 0xff, 0xcd, 0x3, 0x0,
    0x0, 0x0, 0x0, 0x0, 0x0, 0x0, 0x0, 0x0,
    0x4, 0xa8, 0xff, 0xff, 0xff, 0x4a, 0x47, 0x88,
    0x88, 0x88, 0x3, 0x0, 0x0, 0x0, 0x0, 0x0,
    0x1a, 0xff, 0xff, 0xff, 0x82, 0x77, 0xff, 0xff,
    0xff, 0x1c, 0x0, 0x0, 0x0, 0x0, 0x0, 0x1,
    0xfc, 0xff, 0xff, 0x90, 0x49, 0xff, 0xff, 0xff,
    0x72, 0x0, 0x0, 0x0, 0x0, 0x0, 0x35, 0xff,
    0xff, 0xff, 0x76, 0x6, 0xe6, 0xff, 0xff, 0xf6,
    0x5e, 0x4, 0x0, 0x0, 0x2d, 0xd7, 0xff, 0xff,
    0xff, 0x2f, 0x0, 0x52, 0xff, 0xff, 0xff, 0xff,
    0xf0, 0xd0, 0xdf, 0xff, 0xff, 0xff, 0xff, 0x9f,
    0x0, 0x0, 0x0, 0x5c, 0xf3, 0xff, 0xff, 0xff,
    0xff, 0xff, 0xff, 0xff, 0xff, 0xa2, 0x7, 0x0,
    0x0, 0x0, 0x0, 0x16, 0x7b, 0xc3, 0xf3, 0xff,
    0xff, 0xd6, 0x9b, 0x3a, 0x0, 0x0, 0x0, 0x0,
    0x0, 0x0, 0x0, 0x0, 0x0, 0x6c, 0xff, 0xd0,
    0x0, 0x0, 0x0, 0x0, 0x0, 0x0, 0x0, 0x0,
    0x0, 0x0, 0x0, 0x0, 0x6c, 0xff, 0xd0, 0x0,
    0x0, 0x0, 0x0, 0x0, 0x0, 0x0, 0x0, 0x0,
    0x0, 0x0, 0x0, 0x6c, 0xff, 0xd0, 0x0, 0x0,
    0x0, 0x0, 0x0, 0x0,

    /* U+0025 "%" */
    0x0, 0x2, 0x68, 0xce, 0xf9, 0xf8, 0xcc, 0x62,
    0x1, 0x0, 0x0, 0x0, 0x0, 0x0, 0x0, 0x0,
    0x0, 0x0, 0x0, 0x0, 0x0, 0x9c, 0xff, 0xff,
    0xff, 0xff, 0xff, 0xff, 0x90, 0x0, 0x0, 0x0,
    0x0, 0x0, 0x0, 0x0, 0x0, 0x0, 0x0, 0x0,
    0x3a, 0xff, 0xff, 0xa4, 0x22, 0x26, 0xb0, 0xff,
    0xff, 0x2d, 0x0, 0x0, 0x0, 0x4, 0x87, 0x21,
    0x0, 0x0, 0x0, 0x0, 0x7c, 0xff, 0xf8, 0xa,
    0x0, 0x0, 0x13, 0xff, 0xff, 0x6e, 0x0, 0x0,
    0x0, 0x7b, 0xff, 0xe1, 0x5, 0x0, 0x0, 0x0,
    0x88, 0xff, 0xe8, 0x0, 0x0, 0x0, 0x0, 0xf8,
    0xff, 0x7c, 0x0, 0x0, 0x28, 0xf9, 0xff, 0x52,
    0x0, 0x0, 0x0, 0x0, 0x7f, 0xff, 0xf6, 0x7,
    0x0, 0x0, 0xd, 0xff, 0xff, 0x73, 0x0, 0x3,
    0xc8, 0xff, 0xa8, 0x0, 0x0, 0x0, 0x0, 0x0,
    0x41, 0xff, 0xff, 0x93, 0xf, 0x11, 0x9c, 0xff,
    0xff, 0x36, 0x0, 0x75, 0xff, 0xec, 0x15, 0x0,
    0x0, 0x0, 0x0, 0x0, 0x0, 0xad, 0xff, 0xff,
    0xff, 0xff, 0xff, 0xff, 0xa5, 0x0, 0x25, 0xf6,
    0xff, 0x58, 0x0, 0x0, 0x0, 0x0, 0x0, 0x0,
    0x0, 0x5, 0x7b, 0xe2, 0xff, 0xff, 0xe2, 0x79,
    0x4, 0x2, 0xc3, 0xff, 0xb0, 0x0, 0x0, 0x0,
    0x0, 0x0, 0x0, 0x0, 0x0, 0x0, 0x0, 0x0,
    0xd, 0xd, 0x0, 0x0, 0x0, 0x70, 0xff, 0xef,
    0x18, 0x0, 0x0, 0x0, 0x0, 0x0, 0x0, 0x0,
    0x0, 0x0, 0x0, 0x0, 0x0, 0x0, 0x0, 0x0,
    0x23, 0xf5, 0xff, 0x60, 0x0, 0x0, 0x0, 0x0,
    0x0, 0x0, 0x0, 0x0, 0x0, 0x0, 0x0, 0x0,
    0x0, 0x0, 0x0, 0x1, 0xc1, 0xff, 0xb5, 0x0,
    0x2f, 0xb1, 0xf0, 0xfc, 0xdc, 0x7e, 0x7, 0x0,
    0x0, 0x0, 0x0, 0x0, 0x0, 0x0, 0x0, 0x6a,
    0xff, 0xf2, 0x1e, 0x3c, 0xf7, 0xff, 0xff, 0xff,
    0xff, 0xff, 0xbb, 0x3, 0x0, 0x0, 0x0, 0x0,
    0x0, 0x0, 0x20, 0xf3, 0xff, 0x66, 0x0, 0xd6,
    0xff, 0xe4, 0x3c, 0x1c, 0x86, 0xff, 0xff, 0x5c,
    0x0, 0x0, 0x0, 0x0, 0x0, 0x1, 0xbb, 0xff,
    0xbc, 0x1, 0x28, 0xff, 0xff, 0x61, 0x0, 0x0,
    0x0, 0xd5, 0xff, 0xac, 0x0, 0x0, 0x0, 0x0,
    0x0, 0x66, 0xff, 0xf4, 0x21, 0x0, 0x3f, 0xff,
    0xff, 0x36, 0x0, 0x0, 0x0, 0xaa, 0xff, 0xc3,
    0x0, 0x0, 0x0, 0x0, 0x1e, 0xf2, 0xff, 0x6d,
    0x0, 0x0, 0x3f, 0xff, 0xff, 0x36, 0x0, 0x0,
    0x0, 0xaa, 0xff, 0xc3, 0x0, 0x0, 0x0, 0x0,
    0xb8, 0xff, 0xc2, 0x2, 0x0, 0x0, 0x28, 0xff,
    0xff, 0x64, 0x0, 0x0, 0x0, 0xcf, 0xff, 0xac,
    0x0, 0x0, 0x0, 0x1, 0x63, 0xdf, 0x25, 0x0,
    0x0, 0x0, 0x0, 0xd6, 0xff, 0xe8, 0x43, 0x1a,
    0x7b, 0xff, 0xff, 0x5c, 0x0, 0x0, 0x0, 0x0,
    0x0, 0x2, 0x0, 0x0, 0x0, 0x0, 0x0, 0x3c,
    0xf7, 0xff, 0xff, 0xff, 0xff, 0xff, 0xbb, 0x3,
    0x0, 0x0, 0x0, 0x0, 0x0, 0x0, 0x0, 0x0,
    0x0, 0x0, 0x0, 0x0, 0x2f, 0xaf, 0xef, 0xfc,
    0xdc, 0x81, 0x7, 0x0,

    /* U+0026 "&" */
    0x0, 0x0, 0x0, 0x0, 0x41, 0xaf, 0xea, 0xfc,
    0xef, 0xbd, 0x50, 0x0, 0x0, 0x0, 0x0, 0x0,
    0x0, 0x0, 0x0, 0x0, 0x0, 0x80, 0xff, 0xff,
    0xff, 0xff, 0xff, 0xff, 0xff, 0x99, 0x0, 0x0,
    0x0, 0x0, 0x0, 0x0, 0x0, 0x0, 0x49, 0xff,
    0xff, 0xff, 0xf6, 0xcd, 0xec, 0xff, 0xff, 0xff,
    0x5d, 0x0, 0x0, 0x0, 0x0, 0x0, 0x0, 0x0,
    0xb5, 0xff, 0xff, 0xdd, 0x1b, 0x0, 0x6, 0xab,
    0xff, 0xff, 0xc2, 0x0, 0x0, 0x0, 0x0, 0x0,
    0x0, 0x0, 0xe8, 0xff, 0xff, 0x6d, 0x0, 0x0,
    0x0, 0x31, 0xff, 0xff, 0xe0, 0x0, 0x0, 0x0,
    0x0, 0x0, 0x0, 0x0, 0xf0, 0xff, 0xff, 0x5e,
    0x0, 0x0, 0x0, 0x43, 0xff, 0xff, 0xc4, 0x0,
    0x0, 0x0, 0x0, 0x0, 0x0, 0x0, 0xc4, 0xff,
    0xff, 0xad, 0x0, 0x0, 0x12, 0xcc, 0xff, 0xff,
    0x64, 0x0, 0x0, 0x0, 0x0, 0x0, 0x0, 0x0,
    0x61, 0xff, 0xff, 0xff, 0x4a, 0x4b, 0xe2, 0xff,
    0xff, 0xae, 0x2, 0x0, 0x0, 0x0, 0x0, 0x0,
    0x0, 0x0, 0x3, 0xc8, 0xff, 0xff, 0xfa, 0xff,
    0xff, 0xff, 0x94, 0x4, 0x0, 0x0, 0x0, 0x0,
    0x0, 0x0, 0x0, 0x0, 0x0, 0x23, 0xf6, 0xff,
    0xff, 0xff, 0xea, 0x50, 0x0, 0x0, 0x0, 0x0,
    0x0, 0x0, 0x0, 0x0, 0x0, 0x0, 0xd, 0xab,
    0xff, 0xff, 0xff, 0xff, 0xc7, 0x8, 0x0, 0x0,
    0x0, 0x5, 0x10, 0x10, 0xb, 0x0, 0x0, 0x19,
    0xd4, 0xff, 0xff, 0xf9, 0xff, 0xff, 0xff, 0xaa,
    0x2, 0x0, 0x0, 0x5b, 0xff, 0xff, 0xb4, 0x0,
    0x6, 0xcc, 0xff, 0xff, 0xe2, 0x26, 0x8c, 0xff,
    0xff, 0xff, 0x8c, 0x0, 0x0, 0x78, 0xff, 0xff,
    0xa0, 0x0, 0x68, 0xff, 0xff, 0xff, 0x3d, 0x0,
    0x2, 0xaa, 0xff, 0xff, 0xff, 0x6c, 0x0, 0xb9,
    0xff, 0xff, 0x78, 0x0, 0xaf, 0xff, 0xff, 0xde,
    0x0, 0x0, 0x0, 0x8, 0xc4, 0xff, 0xff, 0xfd,
    0x74, 0xfd, 0xff, 0xff, 0x38, 0x0, 0xbb, 0xff,
    0xff, 0xd7, 0x0, 0x0, 0x0, 0x0, 0x13, 0xd9,
    0xff, 0xff, 0xff, 0xff, 0xff, 0xd7, 0x1, 0x0,
    0x9b, 0xff, 0xff, 0xfe, 0x26, 0x0, 0x0, 0x0,
    0x0, 0x22, 0xea, 0xff, 0xff, 0xff, 0xff, 0x52,
    0x0, 0x0, 0x47, 0xff, 0xff, 0xff, 0xd5, 0x2d,
    0x0, 0x0, 0x1, 0x41, 0xd2, 0xff, 0xff, 0xff,
    0xed, 0x13, 0x0, 0x0, 0x0, 0xae, 0xff, 0xff,
    0xff, 0xff, 0xdb, 0xcc, 0xec, 0xff, 0xff, 0xff,
    0xff, 0xff, 0xff, 0xc4, 0x8, 0x0, 0x0, 0x9,
    0xa9, 0xff, 0xff, 0xff, 0xff, 0xff, 0xff, 0xff,
    0xff, 0xf0, 0xa5, 0xff, 0xff, 0xff, 0xaa, 0x2,
    0x0, 0x0, 0x0, 0x40, 0xa2, 0xdc, 0xf9, 0xfd,
    0xe8, 0xbb, 0x6f, 0x11, 0x0, 0x8c, 0xff, 0xff,
    0xff, 0x8c,

    /* U+0027 "'" */
    0xc8, 0xff, 0xe0, 0xc8, 0xff, 0xe0, 0xc8, 0xff,
    0xd6, 0xc8, 0xff, 0xc3, 0xca, 0xff, 0xb2, 0xcc,
    0xff, 0xa2, 0xcc, 0xff, 0x91, 0x5c, 0x74, 0x3b,

    /* U+0028 "(" */
    0x0, 0x0, 0x0, 0x0, 0x0, 0x0, 0x0, 0x4e,
    0x25, 0x0, 0x0, 0x0, 0x0, 0x0, 0x2, 0x93,
    0xff, 0x84, 0x0, 0x0, 0x0, 0x0, 0x1, 0x9e,
    0xff, 0xff, 0x8a, 0x0, 0x0, 0x0, 0x0, 0x73,
    0xff, 0xff, 0x9b, 0x0, 0x0, 0x0, 0x0, 0x2b,
    0xf9, 0xff, 0xcf, 0x6, 0x0, 0x0, 0x0, 0x0,
    0xbd, 0xff, 0xff, 0x3a, 0x0, 0x0, 0x0, 0x0,
    0x41, 0xff, 0xff, 0xb8, 0x0, 0x0, 0x0, 0x0,
    0x0, 0xaf, 0xff, 0xff, 0x4f, 0x0, 0x0, 0x0,
    0x0, 0x12, 0xf9, 0xff, 0xf3, 0x7, 0x0, 0x0,
    0x0, 0x0, 0x59, 0xff, 0xff, 0xb4, 0x0, 0x0,
    0x0, 0x0, 0x0, 0x99, 0xff, 0xff, 0x7c, 0x0,
    0x0, 0x0, 0x0, 0x0, 0xcc, 0xff, 0xff, 0x50,
    0x0, 0x0, 0x0, 0x0, 0x0, 0xf0, 0xff, 0xff,
    0x31, 0x0, 0x0, 0x0, 0x0, 0x8, 0xff, 0xff,
    0xff, 0x1a, 0x0, 0x0, 0x0, 0x0, 0x16, 0xff,
    0xff, 0xff, 0x11, 0x0, 0x0, 0x0, 0x0, 0x1c,
    0xff, 0xff, 0xff, 0xc, 0x0, 0x0, 0x0, 0x0,
    0x16, 0xff, 0xff, 0xff, 0x11, 0x0, 0x0, 0x0,
    0x0, 0x9, 0xff, 0xff, 0xff, 0x1a, 0x0, 0x0,
    0x0, 0x0, 0x0, 0xf3, 0xff, 0xff, 0x2f, 0x0,
    0x0, 0x0, 0x0, 0x0, 0xce, 0xff, 0xff, 0x4d,
    0x0, 0x0, 0x0, 0x0, 0x0, 0x9d, 0xff, 0xff,
    0x78, 0x0, 0x0, 0x0, 0x0, 0x0, 0x5e, 0xff,
    0xff, 0xb0, 0x0, 0x0, 0x0, 0x0, 0x0, 0x15,
    0xfc, 0xff, 0xf0, 0x4, 0x0, 0x0, 0x0, 0x0,
    0x0, 0xb4, 0xff, 0xff, 0x49, 0x0, 0x0, 0x0,
    0x0, 0x0, 0x47, 0xff, 0xff, 0xb1, 0x0, 0x0,
    0x0, 0x0, 0x0, 0x0, 0xc5, 0xff, 0xfe, 0x2f,
    0x0, 0x0, 0x0, 0x0, 0x0, 0x30, 0xfc, 0xff,
    0xc4, 0x2, 0x0, 0x0, 0x0, 0x0, 0x0, 0x7b,
    0xff, 0xff, 0x84, 0x0, 0x0, 0x0, 0x0, 0x0,
    0x1, 0xa8, 0xff, 0xff, 0x72, 0x0, 0x0, 0x0,
    0x0, 0x0, 0x4, 0xa0, 0xff, 0x90, 0x0, 0x0,
    0x0, 0x0, 0x0, 0x0, 0x0, 0x5e, 0x2c,

    /* U+0029 ")" */
    0x0, 0x69, 0xd, 0x0, 0x0, 0x0, 0x0, 0x0,
    0x0, 0x25, 0xff, 0xdc, 0x26, 0x0, 0x0, 0x0,
    0x0, 0x0, 0x2e, 0xef, 0xff, 0xe9, 0x24, 0x0,
    0x0, 0x0, 0x0, 0x0, 0x3d, 0xfa, 0xff, 0xd7,
    0xc, 0x0, 0x0, 0x0, 0x0, 0x0, 0x79, 0xff,
    0xff, 0x97, 0x0, 0x0, 0x0, 0x0, 0x0, 0x5,
    0xda, 0xff, 0xfe, 0x33, 0x0, 0x0, 0x0, 0x0,
    0x0, 0x5f, 0xff, 0xff, 0xb6, 0x0, 0x0, 0x0,
    0x0, 0x0, 0x7, 0xec, 0xff, 0xff, 0x27, 0x0,
    0x0, 0x0, 0x0, 0x0, 0x9b, 0xff, 0xff, 0x83,
    0x0, 0x0, 0x0, 0x0, 0x0, 0x55, 0xff, 0xff,
    0xd5, 0x0, 0x0, 0x0, 0x0, 0x0, 0x1d, 0xff,
    0xff, 0xff, 0x16, 0x0, 0x0, 0x0, 0x0, 0x0,
    0xf1, 0xff, 0xff, 0x4b, 0x0, 0x0, 0x0, 0x0,
    0x0, 0xd1, 0xff, 0xff, 0x72, 0x0, 0x0, 0x0,
    0x0, 0x0, 0xbe, 0xff, 0xff, 0x8b, 0x0, 0x0,
    0x0, 0x0, 0x0, 0xb1, 0xff, 0xff, 0x9a, 0x0,
    0x0, 0x0, 0x0, 0x0, 0xac, 0xff, 0xff, 0x9f,
    0x0, 0x0, 0x0, 0x0, 0x0, 0xb1, 0xff, 0xff,
    0x9a, 0x0, 0x0, 0x0, 0x0, 0x0, 0xba, 0xff,
    0xff, 0x8c, 0x0, 0x0, 0x0, 0x0, 0x0, 0xce,
    0xff, 0xff, 0x74, 0x0, 0x0, 0x0, 0x0, 0x0,
    0xed, 0xff, 0xff, 0x4d, 0x0, 0x0, 0x0, 0x0,
    0x16, 0xff, 0xff, 0xff, 0x1b, 0x0, 0x0, 0x0,
    0x0, 0x4d, 0xff, 0xff, 0xd9, 0x0, 0x0, 0x0,
    0x0, 0x0, 0x90, 0xff, 0xff, 0x89, 0x0, 0x0,
    0x0, 0x0, 0x2, 0xe2, 0xff, 0xff, 0x2b, 0x0,
    0x0, 0x0, 0x0, 0x49, 0xff, 0xff, 0xbd, 0x0,
    0x0, 0x0, 0x0, 0x0, 0xc3, 0xff, 0xff, 0x3a,
    0x0, 0x0, 0x0, 0x0, 0x5a, 0xff, 0xff, 0x9f,
    0x0, 0x0, 0x0, 0x0, 0x28, 0xf0, 0xff, 0xdd,
    0xf, 0x0, 0x0, 0x0, 0x26, 0xe4, 0xff, 0xee,
    0x2b, 0x0, 0x0, 0x0, 0x0, 0x2a, 0xff, 0xe3,
    0x2e, 0x0, 0x0, 0x0, 0x0, 0x0, 0x0, 0x76,
    0x13, 0x0, 0x0, 0x0, 0x0, 0x0, 0x0,

    /* U+002A "*" */
    0x0, 0x0, 0x0, 0x0, 0x0, 0x7b, 0xff, 0xff,
    0x6, 0x0, 0x0, 0x0, 0x0, 0x0, 0x0, 0x0,
    0x0, 0x0, 0x0, 0x70, 0xff, 0xfb, 0x0, 0x0,
    0x0, 0x0, 0x0, 0x0, 0x0, 0x0, 0x0, 0x0,
    0x0, 0x67, 0xff, 0xef, 0x0, 0x0, 0x0, 0x0,
    0x0, 0x0, 0x0, 0x7d, 0x2c, 0x0, 0x0, 0x5c,
    0xff, 0xe3, 0x0, 0x0, 0x3, 0x49, 0x2f, 0x0,
    0x33, 0xff, 0xff, 0xcc, 0x6c, 0x64, 0xff, 0xd7,
    0x22, 0x84, 0xe3, 0xff, 0x96, 0x0, 0x63, 0xf9,
    0xff, 0xff, 0xff, 0xff, 0xff, 0xfb, 0xfe, 0xff,
    0xff, 0xff, 0xdc, 0x0, 0x0, 0xc, 0x4f, 0x99,
    0xe2, 0xff, 0xff, 0xff, 0xff, 0xda, 0x91, 0x47,
    0x8, 0x0, 0x0, 0x0, 0x0, 0x0, 0x6d, 0xff,
    0xff, 0xff, 0xb4, 0x0, 0x0, 0x0, 0x0, 0x0,
    0x0, 0x0, 0x0, 0x37, 0xfa, 0xff, 0xb8, 0xff,
    0xff, 0x69, 0x0, 0x0, 0x0, 0x0, 0x0, 0x0,
    0x15, 0xe3, 0xff, 0xd8, 0x7, 0xa2, 0xff, 0xf9,
    0x34, 0x0, 0x0, 0x0, 0x0, 0x3, 0xba, 0xff,
    0xfe, 0x3a, 0x0, 0x14, 0xeb, 0xff, 0xe0, 0x12,
    0x0, 0x0, 0x0, 0x1, 0x6e, 0xf7, 0x91, 0x0,
    0x0, 0x0, 0x5a, 0xff, 0xb6, 0x15, 0x0, 0x0,
    0x0, 0x0, 0x0, 0x28, 0xb, 0x0, 0x0, 0x0,
    0x0, 0x51, 0x1, 0x0, 0x0, 0x0,

    /* U+002B "+" */
    0x0, 0x0, 0x0, 0x0, 0x0, 0x0, 0x6c, 0xff,
    0xff, 0xfc, 0x0, 0x0, 0x0, 0x0, 0x0, 0x0,
    0x0, 0x0, 0x0, 0x0, 0x0, 0x0, 0x6c, 0xff,
    0xff, 0xfc, 0x0, 0x0, 0x0, 0x0, 0x0, 0x0,
    0x0, 0x0, 0x0, 0x0, 0x0, 0x0, 0x6c, 0xff,
    0xff, 0xfc, 0x0, 0x0, 0x0, 0x0, 0x0, 0x0,
    0x0, 0x0, 0x0, 0x0, 0x0, 0x0, 0x6c, 0xff,
    0xff, 0xfc, 0x0, 0x0, 0x0, 0x0, 0x0, 0x0,
    0x0, 0x0, 0x0, 0x0, 0x0, 0x0, 0x6c, 0xff,
    0xff, 0xfc, 0x0, 0x0, 0x0, 0x0, 0x0, 0x0,
    0x1, 0x28, 0x28, 0x28, 0x28, 0x28, 0x85, 0xff,
    0xff, 0xfd, 0x28, 0x28, 0x28, 0x28, 0x28, 0x18,
    0x8, 0xff, 0xff, 0xff, 0xff, 0xff, 0xff, 0xff,
    0xff, 0xff, 0xff, 0xff, 0xff, 0xff, 0xff, 0x98,
    0x8, 0xff, 0xff, 0xff, 0xff, 0xff, 0xff, 0xff,
    0xff, 0xff, 0xff, 0xff, 0xff, 0xff, 0xff, 0x98,
    0x8, 0xff, 0xff, 0xff, 0xff, 0xff, 0xff, 0xff,
    0xff, 0xff, 0xff, 0xff, 0xff, 0xff, 0xff, 0x98,
    0x0, 0x0, 0x0, 0x0, 0x0, 0x0, 0x6c, 0xff,
    0xff, 0xfc, 0x0, 0x0, 0x0, 0x0, 0x0, 0x0,
    0x0, 0x0, 0x0, 0x0, 0x0, 0x0, 0x6c, 0xff,
    0xff, 0xfc, 0x0, 0x0, 0x0, 0x0, 0x0, 0x0,
    0x0, 0x0, 0x0, 0x0, 0x0, 0x0, 0x6c, 0xff,
    0xff, 0xfc, 0x0, 0x0, 0x0, 0x0, 0x0, 0x0,
    0x0, 0x0, 0x0, 0x0, 0x0, 0x0, 0x6c, 0xff,
    0xff, 0xfc, 0x0, 0x0, 0x0, 0x0, 0x0, 0x0,
    0x0, 0x0, 0x0, 0x0, 0x0, 0x0, 0x6c, 0xff,
    0xff, 0xfc, 0x0, 0x0, 0x0, 0x0, 0x0, 0x0,
    0x0, 0x0, 0x0, 0x0, 0x0, 0x0, 0x6c, 0xff,
    0xff, 0xfc, 0x0, 0x0, 0x0, 0x0, 0x0, 0x0,
    0x0, 0x0, 0x0, 0x0, 0x0, 0x0, 0x36, 0x80,
    0x80, 0x7e, 0x0, 0x0, 0x0, 0x0, 0x0, 0x0,

    /* U+002C "," */
    0x0, 0x0, 0xff, 0xff, 0xff, 0x20, 0x0, 0x0,
    0xff, 0xff, 0xff, 0x1d, 0x0, 0x1, 0xff, 0xff,
    0xff, 0x19, 0x0, 0x12, 0xff, 0xff, 0xfc, 0x6,
    0x0, 0x48, 0xff, 0xff, 0xc6, 0x0, 0x0, 0xab,
    0xff, 0xff, 0x60, 0x0, 0x31, 0xfe, 0xff, 0xd0,
    0x4, 0x0, 0x18, 0xa0, 0xe5, 0x24, 0x0, 0x0,
    0x0, 0x0, 0x7, 0x0, 0x0, 0x0,

    /* U+002D "-" */
    0xa6, 0xc8, 0xc8, 0xc8, 0xc8, 0xc8, 0xc8, 0xb8,
    0xd4, 0xff, 0xff, 0xff, 0xff, 0xff, 0xff, 0xec,
    0xd4, 0xff, 0xff, 0xff, 0xff, 0xff, 0xff, 0xec,

    /* U+002E "." */
    0x0, 0x42, 0xc5, 0xc8, 0x4d, 0x0, 0x1, 0xeb,
    0xff, 0xff, 0xf4, 0x8, 0x2, 0xf5, 0xff, 0xff,
    0xfc, 0xb, 0x0, 0x61, 0xed, 0xf1, 0x70, 0x0,

    /* U+002F "/" */
    0x0, 0x0, 0x0, 0x0, 0x0, 0x0, 0x0, 0x0,
    0xdb, 0xff, 0xe7, 0x3, 0x0, 0x0, 0x0, 0x0,
    0x0, 0x0, 0x0, 0x37, 0xff, 0xff, 0x8d, 0x0,
    0x0, 0x0, 0x0, 0x0, 0x0, 0x0, 0x0, 0x93,
    0xff, 0xff, 0x30, 0x0, 0x0, 0x0, 0x0, 0x0,
    0x0, 0x0, 0x5, 0xeb, 0xff, 0xd4, 0x0, 0x0,
    0x0, 0x0, 0x0, 0x0, 0x0, 0x0, 0x4c, 0xff,
    0xff, 0x78, 0x0, 0x0, 0x0, 0x0, 0x0, 0x0,
    0x0, 0x0, 0xa9, 0xff, 0xfe, 0x1d, 0x0, 0x0,
    0x0, 0x0, 0x0, 0x0, 0x0, 0xe, 0xf7, 0xff,
    0xbf, 0x0, 0x0, 0x0, 0x0, 0x0, 0x0, 0x0,
    0x0, 0x62, 0xff, 0xff, 0x62, 0x0, 0x0, 0x0,
    0x0, 0x0, 0x0, 0x0, 0x0, 0xbf, 0xff, 0xf7,
    0xe, 0x0, 0x0, 0x0, 0x0, 0x0, 0x0, 0x0,
    0x1d, 0xfe, 0xff, 0xa9, 0x0, 0x0, 0x0, 0x0,
    0x0, 0x0, 0x0, 0x0, 0x78, 0xff, 0xff, 0x4c,
    0x0, 0x0, 0x0, 0x0, 0x0, 0x0, 0x0, 0x0,
    0xd4, 0xff, 0xeb, 0x5, 0x0, 0x0, 0x0, 0x0,
    0x0, 0x0, 0x0, 0x31, 0xff, 0xff, 0x94, 0x0,
    0x0, 0x0, 0x0, 0x0, 0x0, 0x0, 0x0, 0x8d,
    0xff, 0xff, 0x37, 0x0, 0x0, 0x0, 0x0, 0x0,
    0x0, 0x0, 0x3, 0xe7, 0xff, 0xda, 0x0, 0x0,
    0x0, 0x0, 0x0, 0x0, 0x0, 0x0, 0x45, 0xff,
    0xff, 0x7e, 0x0, 0x0, 0x0, 0x0, 0x0, 0x0,
    0x0, 0x0, 0xa4, 0xff, 0xff, 0x22, 0x0, 0x0,
    0x0, 0x0, 0x0, 0x0, 0x0, 0xc, 0xf4, 0xff,
    0xc5, 0x0, 0x0, 0x0, 0x0, 0x0, 0x0, 0x0,
    0x0, 0x5c, 0xff, 0xff, 0x69, 0x0, 0x0, 0x0,
    0x0, 0x0, 0x0, 0x0, 0x0, 0xb8, 0xff, 0xf9,
    0x13, 0x0, 0x0, 0x0, 0x0, 0x0, 0x0, 0x0,
    0x18, 0xfd, 0xff, 0xae, 0x0, 0x0, 0x0, 0x0,
    0x0, 0x0, 0x0, 0x0, 0x71, 0xff, 0xff, 0x53,
    0x0, 0x0, 0x0, 0x0, 0x0, 0x0, 0x0, 0x0,
    0xce, 0xff, 0xef, 0x7, 0x0, 0x0, 0x0, 0x0,
    0x0, 0x0, 0x0, 0x0,

    /* U+0030 "0" */
    0x0, 0x0, 0x0, 0xc, 0x74, 0xc4, 0xef, 0xfe,
    0xf2, 0xc8, 0x78, 0xd, 0x0, 0x0, 0x0, 0x0,
    0x0, 0x2a, 0xde, 0xff, 0xff, 0xff, 0xff, 0xff,
    0xff, 0xff, 0xe1, 0x2d, 0x0, 0x0, 0x0, 0xf,
    0xe1, 0xff, 0xff, 0xff, 0xeb, 0xcc, 0xea, 0xff,
    0xff, 0xff, 0xe5, 0x13, 0x0, 0x0, 0x83, 0xff,
    0xff, 0xff, 0x77, 0x3, 0x0, 0x3, 0x70, 0xff,
    0xff, 0xff, 0x8e, 0x0, 0x1, 0xe6, 0xff, 0xff,
    0xb5, 0x0, 0x0, 0x0, 0x0, 0x0, 0xab, 0xff,
    0xff, 0xee, 0x4, 0x2a, 0xff, 0xff, 0xff, 0x5a,
    0x0, 0x0, 0x0, 0x0, 0x0, 0x4f, 0xff, 0xff,
    0xff, 0x35, 0x54, 0xff, 0xff, 0xff, 0x2c, 0x0,
    0x0, 0x0, 0x0, 0x0, 0x20, 0xff, 0xff, 0xff,
    0x60, 0x6d, 0xff, 0xff, 0xff, 0x16, 0x0, 0x0,
    0x0, 0x0, 0x0, 0xb, 0xff, 0xff, 0xff, 0x79,
    0x76, 0xff, 0xff, 0xff, 0x10, 0x0, 0x0, 0x0,
    0x0, 0x0, 0x4, 0xff, 0xff, 0xff, 0x82, 0x78,
    0xff, 0xff, 0xff, 0x10, 0x0, 0x0, 0x0, 0x0,
    0x0, 0x4, 0xff, 0xff, 0xff, 0x84, 0x78, 0xff,
    0xff, 0xff, 0x10, 0x0, 0x0, 0x0, 0x0, 0x0,
    0x4, 0xff, 0xff, 0xff, 0x84, 0x78, 0xff, 0xff,
    0xff, 0x10, 0x0, 0x0, 0x0, 0x0, 0x0, 0x4,
    0xff, 0xff, 0xff, 0x84, 0x76, 0xff, 0xff, 0xff,
    0x10, 0x0, 0x0, 0x0, 0x0, 0x0, 0x4, 0xff,
    0xff, 0xff, 0x82, 0x6a, 0xff, 0xff, 0xff, 0x17,
    0x0, 0x0, 0x0, 0x0, 0x0, 0xb, 0xff, 0xff,
    0xff, 0x76, 0x50, 0xff, 0xff, 0xff, 0x2f, 0x0,
    0x0, 0x0, 0x0, 0x0, 0x22, 0xff, 0xff, 0xff,
    0x5d, 0x23, 0xff, 0xff, 0xff, 0x61, 0x0, 0x0,
    0x0, 0x0, 0x0, 0x52, 0xff, 0xff, 0xff, 0x31,
    0x0, 0xdd, 0xff, 0xff, 0xc3, 0x0, 0x0, 0x0,
    0x0, 0x0, 0xac, 0xff, 0xff, 0xea, 0x3, 0x0,
    0x77, 0xff, 0xff, 0xff, 0x88, 0x6, 0x0, 0x3,
    0x70, 0xff, 0xff, 0xff, 0x87, 0x0, 0x0, 0x8,
    0xd5, 0xff, 0xff, 0xff, 0xf1, 0xd0, 0xec, 0xff,
    0xff, 0xff, 0xe2, 0x10, 0x0, 0x0, 0x0, 0x20,
    0xd6, 0xff, 0xff, 0xff, 0xff, 0xff, 0xff, 0xff,
    0xdf, 0x2a, 0x0, 0x0, 0x0, 0x0, 0x0, 0x7,
    0x6c, 0xc2, 0xef, 0xfe, 0xf3, 0xc7, 0x74, 0xd,
    0x0, 0x0, 0x0,

    /* U+0031 "1" */
    0x0, 0x0, 0x0, 0x0, 0x0, 0x0, 0x2b, 0x85,
    0xe1, 0x40, 0x0, 0x0, 0x0, 0x1a, 0x73, 0xcf,
    0xff, 0xff, 0xff, 0x40, 0xe, 0x61, 0xbd, 0xfd,
    0xff, 0xff, 0xff, 0xff, 0xff, 0x40, 0x84, 0xff,
    0xff, 0xff, 0xff, 0xff, 0xff, 0xff, 0xff, 0x40,
    0x84, 0xff, 0xff, 0xd8, 0x84, 0x72, 0xff, 0xff,
    0xff, 0x40, 0x64, 0x82, 0x2d, 0x0, 0x0, 0x48,
    0xff, 0xff, 0xff, 0x40, 0x0, 0x0, 0x0, 0x0,
    0x0, 0x48, 0xff, 0xff, 0xff, 0x40, 0x0, 0x0,
    0x0, 0x0, 0x0, 0x48, 0xff, 0xff, 0xff, 0x40,
    0x0, 0x0, 0x0, 0x0, 0x0, 0x48, 0xff, 0xff,
    0xff, 0x40, 0x0, 0x0, 0x0, 0x0, 0x0, 0x48,
    0xff, 0xff, 0xff, 0x40, 0x0, 0x0, 0x0, 0x0,
    0x0, 0x48, 0xff, 0xff, 0xff, 0x40, 0x0, 0x0,
    0x0, 0x0, 0x0, 0x48, 0xff, 0xff, 0xff, 0x40,
    0x0, 0x0, 0x0, 0x0, 0x0, 0x48, 0xff, 0xff,
    0xff, 0x40, 0x0, 0x0, 0x0, 0x0, 0x0, 0x48,
    0xff, 0xff, 0xff, 0x40, 0x0, 0x0, 0x0, 0x0,
    0x0, 0x48, 0xff, 0xff, 0xff, 0x40, 0x0, 0x0,
    0x0, 0x0, 0x0, 0x48, 0xff, 0xff, 0xff, 0x40,
    0x0, 0x0, 0x0, 0x0, 0x0, 0x48, 0xff, 0xff,
    0xff, 0x40, 0x0, 0x0, 0x0, 0x0, 0x0, 0x48,
    0xff, 0xff, 0xff, 0x40, 0x0, 0x0, 0x0, 0x0,
    0x0, 0x48, 0xff, 0xff, 0xff, 0x40, 0x0, 0x0,
    0x0, 0x0, 0x0, 0x48, 0xff, 0xff, 0xff, 0x40,
    0x0, 0x0, 0x0, 0x0, 0x0, 0x48, 0xff, 0xff,
    0xff, 0x40,

    /* U+0032 "2" */
    0x0, 0x0, 0x0, 0x1e, 0x88, 0xce, 0xf3, 0xfd,
    0xef, 0xca, 0x80, 0x17, 0x0, 0x0, 0x0, 0x0,
    0x0, 0x67, 0xf6, 0xff, 0xff, 0xff, 0xff, 0xff,
    0xff, 0xff, 0xf2, 0x4e, 0x0, 0x0, 0x0, 0x62,
    0xff, 0xff, 0xff, 0xff, 0xe0, 0xcc, 0xf0, 0xff,
    0xff, 0xff, 0xfa, 0x31, 0x0, 0x15, 0xf3, 0xff,
    0xff, 0xe2, 0x38, 0x0, 0x0, 0x6, 0x88, 0xff,
    0xff, 0xff, 0xb2, 0x0, 0x75, 0xff, 0xff, 0xff,
    0x3b, 0x0, 0x0, 0x0, 0x0, 0x0, 0xc6, 0xff,
    0xff, 0xf7, 0x3, 0xb1, 0xff, 0xff, 0xde, 0x0,
    0x0, 0x0, 0x0, 0x0, 0x0, 0x7e, 0xff, 0xff,
    0xff, 0x14, 0x7c, 0xa0, 0xa0, 0x79, 0x0, 0x0,
    0x0, 0x0, 0x0, 0x0, 0x7a, 0xff, 0xff, 0xfe,
    0x9, 0x0, 0x0, 0x0, 0x0, 0x0, 0x0, 0x0,
    0x0, 0x0, 0x0, 0xb8, 0xff, 0xff, 0xcb, 0x0,
    0x0, 0x0, 0x0, 0x0, 0x0, 0x0, 0x0, 0x0,
    0x0, 0x3a, 0xff, 0xff, 0xff, 0x63, 0x0, 0x0,
    0x0, 0x0, 0x0, 0x0, 0x0, 0x0, 0x0, 0x10,
    0xdb, 0xff, 0xff, 0xd1, 0x4, 0x0, 0x0, 0x0,
    0x0, 0x0, 0x0, 0x0, 0x0, 0x4, 0xb8, 0xff,
    0xff, 0xf6, 0x2d, 0x0, 0x0, 0x0, 0x0, 0x0,
    0x0, 0x0, 0x0, 0x2, 0xa0, 0xff, 0xff, 0xfe,
    0x57, 0x0, 0x0, 0x0, 0x0, 0x0, 0x0, 0x0,
    0x0, 0x0, 0x95, 0xff, 0xff, 0xff, 0x70, 0x0,
    0x0, 0x0, 0x0, 0x0, 0x0, 0x0, 0x0, 0x0,
    0x88, 0xff, 0xff, 0xff, 0x7b, 0x0, 0x0, 0x0,
    0x0, 0x0, 0x0, 0x0, 0x0, 0x0, 0x7c, 0xff,
    0xff, 0xff, 0x8b, 0x0, 0x0, 0x0, 0x0, 0x0,
    0x0, 0x0, 0x0, 0x0, 0x6f, 0xff, 0xff, 0xff,
    0x9b, 0x1, 0x0, 0x0, 0x0, 0x0, 0x0, 0x0,
    0x0, 0x0, 0x64, 0xff, 0xff, 0xff, 0xa9, 0x3,
    0x0, 0x0, 0x0, 0x0, 0x0, 0x0, 0x0, 0x0,
    0x58, 0xfd, 0xff, 0xff, 0xb8, 0x6, 0x0, 0x0,
    0x0, 0x0, 0x0, 0x0, 0x0, 0x0, 0x3c, 0xfb,
    0xff, 0xff, 0xff, 0xd1, 0xc8, 0xc8, 0xc8, 0xc8,
    0xc8, 0xc8, 0xc8, 0xc8, 0xb5, 0x64, 0xff, 0xff,
    0xff, 0xff, 0xff, 0xff, 0xff, 0xff, 0xff, 0xff,
    0xff, 0xff, 0xff, 0xe8, 0x64, 0xff, 0xff, 0xff,
    0xff, 0xff, 0xff, 0xff, 0xff, 0xff, 0xff, 0xff,
    0xff, 0xff, 0xe8,

    /* U+0033 "3" */
    0x0, 0x0, 0x0, 0x35, 0x99, 0xd9, 0xf7, 0xfc,
    0xec, 0xc2, 0x7a, 0x14, 0x0, 0x0, 0x0, 0x0,
    0x7, 0x9d, 0xff, 0xff, 0xff, 0xff, 0xff, 0xff,
    0xff, 0xff, 0xf0, 0x53, 0x0, 0x0, 0x0, 0xaa,
    0xff, 0xff, 0xff, 0xfe, 0xd9, 0xcb, 0xec, 0xff,
    0xff, 0xff, 0xfb, 0x3a, 0x0, 0x44, 0xff, 0xff,
    0xff, 0xc2, 0x21, 0x0, 0x0, 0x2, 0x62, 0xfd,
    0xff, 0xff, 0xbb, 0x0, 0x8f, 0xff, 0xff, 0xfd,
    0x17, 0x0, 0x0, 0x0, 0x0, 0x0, 0xa8, 0xff,
    0xff, 0xf9, 0x3, 0x30, 0x4c, 0x4c, 0x46, 0x0,
    0x0, 0x0, 0x0, 0x0, 0x0, 0x80, 0xff, 0xff,
    0xff, 0xc, 0x0, 0x0, 0x0, 0x0, 0x0, 0x0,
    0x0, 0x0, 0x0, 0x0, 0xb5, 0xff, 0xff, 0xdd,
    0x0, 0x0, 0x0, 0x0, 0x0, 0x0, 0x0, 0x0,
    0x0, 0xa, 0x81, 0xff, 0xff, 0xff, 0x5e, 0x0,
    0x0, 0x0, 0x0, 0x0, 0x32, 0xc8, 0xc8, 0xd2,
    0xf7, 0xff, 0xff, 0xfe, 0x7c, 0x0, 0x0, 0x0,
    0x0, 0x0, 0x0, 0x40, 0xff, 0xff, 0xff, 0xff,
    0xff, 0xfa, 0x57, 0x0, 0x0, 0x0, 0x0, 0x0,
    0x0, 0x0, 0x3e, 0xf8, 0xf8, 0xfe, 0xff, 0xff,
    0xff, 0xfc, 0x7d, 0x0, 0x0, 0x0, 0x0, 0x0,
    0x0, 0x0, 0x0, 0x0, 0x4, 0x32, 0xaa, 0xff,
    0xff, 0xff, 0x70, 0x0, 0x0, 0x0, 0x0, 0x0,
    0x0, 0x0, 0x0, 0x0, 0x0, 0x1, 0xb2, 0xff,
    0xff, 0xf1, 0x9, 0x0, 0x0, 0x0, 0x0, 0x0,
    0x0, 0x0, 0x0, 0x0, 0x0, 0x4b, 0xff, 0xff,
    0xff, 0x43, 0x1b, 0x20, 0x20, 0x16, 0x0, 0x0,
    0x0, 0x0, 0x0, 0x0, 0x2c, 0xff, 0xff, 0xff,
    0x5d, 0xd1, 0xff, 0xff, 0xbd, 0x0, 0x0, 0x0,
    0x0, 0x0, 0x0, 0x40, 0xff, 0xff, 0xff, 0x51,
    0xa6, 0xff, 0xff, 0xf8, 0x1d, 0x0, 0x0, 0x0,
    0x0, 0x0, 0x94, 0xff, 0xff, 0xff, 0x1f, 0x48,
    0xff, 0xff, 0xff, 0xd0, 0x2e, 0x0, 0x0, 0x5,
    0x6f, 0xfe, 0xff, 0xff, 0xbf, 0x0, 0x0, 0xa8,
    0xff, 0xff, 0xff, 0xff, 0xde, 0xd0, 0xf2, 0xff,
    0xff, 0xff, 0xf4, 0x2c, 0x0, 0x0, 0x6, 0x98,
    0xff, 0xff, 0xff, 0xff, 0xff, 0xff, 0xff, 0xff,
    0xe1, 0x37, 0x0, 0x0, 0x0, 0x0, 0x0, 0x30,
    0x95, 0xd6, 0xf8, 0xfe, 0xe9, 0xba, 0x69, 0xa,
    0x0, 0x0, 0x0,

    /* U+0034 "4" */
    0x0, 0x0, 0x0, 0x0, 0x0, 0x0, 0x0, 0x0,
    0x0, 0x54, 0xff, 0xff, 0xff, 0xa4, 0x0, 0x0,
    0x0, 0x0, 0x0, 0x0, 0x0, 0x0, 0x0, 0x0,
    0x0, 0x14, 0xe9, 0xff, 0xff, 0xff, 0xa4, 0x0,
    0x0, 0x0, 0x0, 0x0, 0x0, 0x0, 0x0, 0x0,
    0x0, 0x0, 0xa7, 0xff, 0xff, 0xff, 0xff, 0xa4,
    0x0, 0x0, 0x0, 0x0, 0x0, 0x0, 0x0, 0x0,
    0x0, 0x0, 0x50, 0xff, 0xff, 0xff, 0xff, 0xff,
    0xa4, 0x0, 0x0, 0x0, 0x0, 0x0, 0x0, 0x0,
    0x0, 0x0, 0x13, 0xe8, 0xff, 0xf7, 0xf4, 0xff,
    0xff, 0xa4, 0x0, 0x0, 0x0, 0x0, 0x0, 0x0,
    0x0, 0x0, 0x0, 0xa1, 0xff, 0xff, 0x79, 0xe4,
    0xff, 0xff, 0xa4, 0x0, 0x0, 0x0, 0x0, 0x0,
    0x0, 0x0, 0x0, 0x4b, 0xff, 0xff, 0xcf, 0x4,
    0xe4, 0xff, 0xff, 0xa4, 0x0, 0x0, 0x0, 0x0,
    0x0, 0x0, 0x0, 0x10, 0xe5, 0xff, 0xfc, 0x32,
    0x0, 0xe4, 0xff, 0xff, 0xa4, 0x0, 0x0, 0x0,
    0x0, 0x0, 0x0, 0x0, 0x9f, 0xff, 0xff, 0x88,
    0x0, 0x0, 0xe4, 0xff, 0xff, 0xa4, 0x0, 0x0,
    0x0, 0x0, 0x0, 0x0, 0x46, 0xff, 0xff, 0xdb,
    0x8, 0x0, 0x0, 0xe4, 0xff, 0xff, 0xa4, 0x0,
    0x0, 0x0, 0x0, 0x0, 0xe, 0xe2, 0xff, 0xff,
    0x3f, 0x0, 0x0, 0x0, 0xe4, 0xff, 0xff, 0xa4,
    0x0, 0x0, 0x0, 0x0, 0x0, 0x99, 0xff, 0xff,
    0x99, 0x0, 0x0, 0x0, 0x0, 0xe4, 0xff, 0xff,
    0xa4, 0x0, 0x0, 0x0, 0x0, 0x44, 0xff, 0xff,
    0xe4, 0xe, 0x0, 0x0, 0x0, 0x0, 0xe4, 0xff,
    0xff, 0xa4, 0x0, 0x0, 0x0, 0xb, 0xe0, 0xff,
    0xff, 0xe7, 0xc8, 0xc8, 0xc8, 0xc8, 0xc8, 0xfb,
    0xff, 0xff, 0xed, 0xc8, 0xc8, 0x3b, 0x28, 0xff,
    0xff, 0xff, 0xff, 0xff, 0xff, 0xff, 0xff, 0xff,
    0xff, 0xff, 0xff, 0xff, 0xff, 0xff, 0x4c, 0x1a,
    0xff, 0xff, 0xff, 0xff, 0xff, 0xff, 0xff, 0xff,
    0xff, 0xff, 0xff, 0xff, 0xff, 0xff, 0xff, 0x4c,
    0x0, 0x0, 0x0, 0x0, 0x0, 0x0, 0x0, 0x0,
    0x0, 0x0, 0xe4, 0xff, 0xff, 0xa4, 0x0, 0x0,
    0x0, 0x0, 0x0, 0x0, 0x0, 0x0, 0x0, 0x0,
    0x0, 0x0, 0x0, 0xe4, 0xff, 0xff, 0xa4, 0x0,
    0x0, 0x0, 0x0, 0x0, 0x0, 0x0, 0x0, 0x0,
    0x0, 0x0, 0x0, 0x0, 0xe4, 0xff, 0xff, 0xa4,
    0x0, 0x0, 0x0, 0x0, 0x0, 0x0, 0x0, 0x0,
    0x0, 0x0, 0x0, 0x0, 0x0, 0xe4, 0xff, 0xff,
    0xa4, 0x0, 0x0, 0x0, 0x0, 0x0, 0x0, 0x0,
    0x0, 0x0, 0x0, 0x0, 0x0, 0x0, 0xe4, 0xff,
    0xff, 0xa4, 0x0, 0x0, 0x0,

    /* U+0035 "5" */
    0x0, 0x0, 0x67, 0xff, 0xff, 0xff, 0xff, 0xff,
    0xff, 0xff, 0xff, 0xff, 0xff, 0xff, 0x28, 0x0,
    0x0, 0x83, 0xff, 0xff, 0xff, 0xff, 0xff, 0xff,
    0xff, 0xff, 0xff, 0xff, 0xff, 0x28, 0x0, 0x0,
    0xa0, 0xff, 0xff, 0xfb, 0xf4, 0xf4, 0xf4, 0xf4,
    0xf4, 0xf4, 0xf4, 0xf4, 0x26, 0x0, 0x0, 0xbc,
    0xff, 0xff, 0x88, 0x0, 0x0, 0x0, 0x0, 0x0,
    0x0, 0x0, 0x0, 0x0, 0x0, 0x0, 0xd9, 0xff,
    0xff, 0x68, 0x0, 0x0, 0x0, 0x0, 0x0, 0x0,
    0x0, 0x0, 0x0, 0x0, 0x0, 0xf5, 0xff, 0xff,
    0x48, 0x0, 0x0, 0x0, 0x0, 0x0, 0x0, 0x0,
    0x0, 0x0, 0x0, 0x12, 0xff, 0xff, 0xff, 0x2a,
    0x0, 0x0, 0x0, 0x0, 0x0, 0x0, 0x0, 0x0,
    0x0, 0x0, 0x2f, 0xff, 0xff, 0xff, 0x6c, 0xbd,
    0xf1, 0xfd, 0xeb, 0xb6, 0x50, 0x0, 0x0, 0x0,
    0x0, 0x4c, 0xff, 0xff, 0xff, 0xff, 0xff, 0xff,
    0xff, 0xff, 0xff, 0xff, 0xac, 0x7, 0x0, 0x0,
    0x68, 0xff, 0xff, 0xff, 0xff, 0xda, 0xc6, 0xe2,
    0xff, 0xff, 0xff, 0xff, 0x96, 0x0, 0x0, 0x32,
    0x97, 0xd4, 0xd2, 0x2f, 0x0, 0x0, 0x0, 0x48,
    0xec, 0xff, 0xff, 0xfe, 0x27, 0x0, 0x0, 0x0,
    0x0, 0x1, 0x0, 0x0, 0x0, 0x0, 0x0, 0x4c,
    0xff, 0xff, 0xff, 0x81, 0x0, 0x0, 0x0, 0x0,
    0x0, 0x0, 0x0, 0x0, 0x0, 0x0, 0x1, 0xe4,
    0xff, 0xff, 0xb7, 0x0, 0x0, 0x0, 0x0, 0x0,
    0x0, 0x0, 0x0, 0x0, 0x0, 0x0, 0xbb, 0xff,
    0xff, 0xd0, 0x0, 0x0, 0x0, 0x0, 0x0, 0x0,
    0x0, 0x0, 0x0, 0x0, 0x0, 0xbe, 0xff, 0xff,
    0xcf, 0x15, 0xf4, 0xf4, 0xf4, 0x64, 0x0, 0x0,
    0x0, 0x0, 0x0, 0x1, 0xe5, 0xff, 0xff, 0xb1,
    0x0, 0xe4, 0xff, 0xff, 0xc4, 0x1, 0x0, 0x0,
    0x0, 0x0, 0x47, 0xff, 0xff, 0xff, 0x76, 0x0,
    0x82, 0xff, 0xff, 0xff, 0x95, 0xd, 0x0, 0x0,
    0x33, 0xe3, 0xff, 0xff, 0xf7, 0x1a, 0x0, 0xb,
    0xd5, 0xff, 0xff, 0xff, 0xf7, 0xd2, 0xdd, 0xff,
    0xff, 0xff, 0xff, 0x76, 0x0, 0x0, 0x0, 0x19,
    0xc3, 0xff, 0xff, 0xff, 0xff, 0xff, 0xff, 0xff,
    0xfe, 0x83, 0x0, 0x0, 0x0, 0x0, 0x0, 0x1,
    0x4f, 0xad, 0xe4, 0xfd, 0xf8, 0xda, 0x9b, 0x31,
    0x0, 0x0, 0x0,

    /* U+0036 "6" */
    0x0, 0x0, 0x0, 0x0, 0x0, 0x0, 0x1a, 0x76,
    0xb9, 0xe2, 0xf8, 0xb8, 0x0, 0x0, 0x0, 0x0,
    0x0, 0x0, 0x0, 0xb, 0x8f, 0xfa, 0xff, 0xff,
    0xff, 0xff, 0xb8, 0x0, 0x0, 0x0, 0x0, 0x0,
    0x0, 0x19, 0xd3, 0xff, 0xff, 0xff, 0xff, 0xff,
    0xea, 0x9f, 0x0, 0x0, 0x0, 0x0, 0x0, 0x9,
    0xd0, 0xff, 0xff, 0xff, 0xc4, 0x52, 0xe, 0x0,
    0x0, 0x0, 0x0, 0x0, 0x0, 0x0, 0x8c, 0xff,
    0xff, 0xff, 0x75, 0x1, 0x0, 0x0, 0x0, 0x0,
    0x0, 0x0, 0x0, 0x0, 0x1b, 0xfa, 0xff, 0xff,
    0x8c, 0x0, 0x0, 0x0, 0x0, 0x0, 0x0, 0x0,
    0x0, 0x0, 0x0, 0x7e, 0xff, 0xff, 0xeb, 0xa,
    0x0, 0x0, 0x0, 0x0, 0x0, 0x0, 0x0, 0x0,
    0x0, 0x0, 0xcc, 0xff, 0xff, 0x95, 0x2f, 0xa2,
    0xe4, 0xfd, 0xf3, 0xc4, 0x62, 0x2, 0x0, 0x0,
    0xa, 0xfd, 0xff, 0xff, 0xc0, 0xfc, 0xff, 0xff,
    0xff, 0xff, 0xff, 0xff, 0xb5, 0x8, 0x0, 0x2f,
    0xff, 0xff, 0xff, 0xff, 0xff, 0xf9, 0xd3, 0xde,
    0xff, 0xff, 0xff, 0xff, 0x98, 0x0, 0x46, 0xff,
    0xff, 0xff, 0xff, 0x90, 0xf, 0x0, 0x0, 0x3c,
    0xe9, 0xff, 0xff, 0xfe, 0x26, 0x4f, 0xff, 0xff,
    0xff, 0x95, 0x0, 0x0, 0x0, 0x0, 0x0, 0x4c,
    0xff, 0xff, 0xff, 0x7f, 0x50, 0xff, 0xff, 0xff,
    0x3f, 0x0, 0x0, 0x0, 0x0, 0x0, 0x1, 0xe6,
    0xff, 0xff, 0xb7, 0x4a, 0xff, 0xff, 0xff, 0x3a,
    0x0, 0x0, 0x0, 0x0, 0x0, 0x0, 0xbb, 0xff,
    0xff, 0xd0, 0x2f, 0xff, 0xff, 0xff, 0x50, 0x0,
    0x0, 0x0, 0x0, 0x0, 0x0, 0xba, 0xff, 0xff,
    0xcc, 0x6, 0xf5, 0xff, 0xff, 0x8a, 0x0, 0x0,
    0x0, 0x0, 0x0, 0x1, 0xe3, 0xff, 0xff, 0xac,
    0x0, 0xa6, 0xff, 0xff, 0xec, 0x12, 0x0, 0x0,
    0x0, 0x0, 0x4b, 0xff, 0xff, 0xff, 0x69, 0x0,
    0x2e, 0xfc, 0xff, 0xff, 0xc7, 0x20, 0x0, 0x0,
    0x40, 0xeb, 0xff, 0xff, 0xef, 0xf, 0x0, 0x0,
    0x79, 0xff, 0xff, 0xff, 0xfd, 0xd4, 0xdf, 0xff,
    0xff, 0xff, 0xff, 0x5b, 0x0, 0x0, 0x0, 0x0,
    0x7b, 0xfd, 0xff, 0xff, 0xff, 0xff, 0xff, 0xff,
    0xf9, 0x67, 0x0, 0x0, 0x0, 0x0, 0x0, 0x0,
    0x2c, 0x9c, 0xdf, 0xfb, 0xf8, 0xd8, 0x93, 0x23,
    0x0, 0x0, 0x0,

    /* U+0037 "7" */
    0xff, 0xff, 0xff, 0xff, 0xff, 0xff, 0xff, 0xff,
    0xff, 0xff, 0xff, 0xff, 0xff, 0xff, 0xc8, 0xff,
    0xff, 0xff, 0xff, 0xff, 0xff, 0xff, 0xff, 0xff,
    0xff, 0xff, 0xff, 0xff, 0xff, 0xc8, 0xc8, 0xc8,
    0xc8, 0xc8, 0xc8, 0xc8, 0xc8, 0xc8, 0xc8, 0xc8,
    0xc9, 0xff, 0xff, 0xff, 0x84, 0x0, 0x0, 0x0,
    0x0, 0x0, 0x0, 0x0, 0x0, 0x0, 0x0, 0x49,
    0xff, 0xff, 0xf9, 0x19, 0x0, 0x0, 0x0, 0x0,
    0x0, 0x0, 0x0, 0x0, 0x0, 0x0, 0xc2, 0xff,
    0xff, 0x9f, 0x0, 0x0, 0x0, 0x0, 0x0, 0x0,
    0x0, 0x0, 0x0, 0x0, 0x3a, 0xff, 0xff, 0xff,
    0x2d, 0x0, 0x0, 0x0, 0x0, 0x0, 0x0, 0x0,
    0x0, 0x0, 0x0, 0xb3, 0xff, 0xff, 0xba, 0x0,
    0x0, 0x0, 0x0, 0x0, 0x0, 0x0, 0x0, 0x0,
    0x0, 0x29, 0xfe, 0xff, 0xff, 0x48, 0x0, 0x0,
    0x0, 0x0, 0x0, 0x0, 0x0, 0x0, 0x0, 0x0,
    0xa0, 0xff, 0xff, 0xd5, 0x1, 0x0, 0x0, 0x0,
    0x0, 0x0, 0x0, 0x0, 0x0, 0x0, 0x1e, 0xfb,
    0xff, 0xff, 0x63, 0x0, 0x0, 0x0, 0x0, 0x0,
    0x0, 0x0, 0x0, 0x0, 0x0, 0x91, 0xff, 0xff,
    0xea, 0x8, 0x0, 0x0, 0x0, 0x0, 0x0, 0x0,
    0x0, 0x0, 0x0, 0x13, 0xf5, 0xff, 0xff, 0x7e,
    0x0, 0x0, 0x0, 0x0, 0x0, 0x0, 0x0, 0x0,
    0x0, 0x0, 0x7f, 0xff, 0xff, 0xf7, 0x16, 0x0,
    0x0, 0x0, 0x0, 0x0, 0x0, 0x0, 0x0, 0x0,
    0xb, 0xed, 0xff, 0xff, 0x9b, 0x0, 0x0, 0x0,
    0x0, 0x0, 0x0, 0x0, 0x0, 0x0, 0x0, 0x6f,
    0xff, 0xff, 0xff, 0x29, 0x0, 0x0, 0x0, 0x0,
    0x0, 0x0, 0x0, 0x0, 0x0, 0x5, 0xe1, 0xff,
    0xff, 0xb5, 0x0, 0x0, 0x0, 0x0, 0x0, 0x0,
    0x0, 0x0, 0x0, 0x0, 0x5e, 0xff, 0xff, 0xff,
    0x42, 0x0, 0x0, 0x0, 0x0, 0x0, 0x0, 0x0,
    0x0, 0x0, 0x1, 0xd4, 0xff, 0xff, 0xcf, 0x0,
    0x0, 0x0, 0x0, 0x0, 0x0, 0x0, 0x0, 0x0,
    0x0, 0x4d, 0xff, 0xff, 0xff, 0x5e, 0x0, 0x0,
    0x0, 0x0, 0x0, 0x0, 0x0, 0x0, 0x0, 0x0,
    0xc4, 0xff, 0xff, 0xe5, 0x6, 0x0, 0x0, 0x0,
    0x0, 0x0, 0x0, 0x0, 0x0, 0x0, 0x3c, 0xff,
    0xff, 0xff, 0x7a, 0x0, 0x0, 0x0, 0x0, 0x0,
    0x0, 0x0, 0x0,

    /* U+0038 "8" */
    0x0, 0x0, 0x0, 0x19, 0x80, 0xc9, 0xf0, 0xfe,
    0xf2, 0xcd, 0x85, 0x1d, 0x0, 0x0, 0x0, 0x0,
    0x0, 0x53, 0xf2, 0xff, 0xff, 0xff, 0xff, 0xff,
    0xff, 0xff, 0xf5, 0x5c, 0x0, 0x0, 0x0, 0x37,
    0xfb, 0xff, 0xff, 0xff, 0xea, 0xcb, 0xe9, 0xff,
    0xff, 0xff, 0xfd, 0x42, 0x0, 0x0, 0xb3, 0xff,
    0xff, 0xff, 0x6b, 0x2, 0x0, 0x2, 0x68, 0xfe,
    0xff, 0xff, 0xc3, 0x0, 0x0, 0xf2, 0xff, 0xff,
    0xb3, 0x0, 0x0, 0x0, 0x0, 0x0, 0xa9, 0xff,
    0xff, 0xfb, 0x5, 0x1, 0xff, 0xff, 0xff, 0x88,
    0x0, 0x0, 0x0, 0x0, 0x0, 0x78, 0xff, 0xff,
    0xff, 0xf, 0x0, 0xdb, 0xff, 0xff, 0xaf, 0x0,
    0x0, 0x0, 0x0, 0x0, 0x9e, 0xff, 0xff, 0xe9,
    0x1, 0x0, 0x6e, 0xff, 0xff, 0xfe, 0x5b, 0x0,
    0x0, 0x0, 0x4c, 0xfa, 0xff, 0xff, 0x7d, 0x0,
    0x0, 0x2, 0xa0, 0xff, 0xff, 0xff, 0xd6, 0xb3,
    0xd1, 0xff, 0xff, 0xff, 0xae, 0x4, 0x0, 0x0,
    0x0, 0x0, 0x88, 0xff, 0xff, 0xff, 0xff, 0xff,
    0xff, 0xff, 0x90, 0x1, 0x0, 0x0, 0x0, 0x0,
    0x7b, 0xfd, 0xff, 0xff, 0xff, 0xff, 0xff, 0xff,
    0xff, 0xfd, 0x7f, 0x0, 0x0, 0x0, 0x6c, 0xff,
    0xff, 0xff, 0x95, 0x1e, 0x0, 0x1e, 0x8f, 0xff,
    0xff, 0xff, 0x77, 0x0, 0xf, 0xf2, 0xff, 0xff,
    0xa1, 0x0, 0x0, 0x0, 0x0, 0x0, 0x94, 0xff,
    0xff, 0xf8, 0x18, 0x55, 0xff, 0xff, 0xff, 0x32,
    0x0, 0x0, 0x0, 0x0, 0x0, 0x24, 0xff, 0xff,
    0xff, 0x67, 0x78, 0xff, 0xff, 0xff, 0x10, 0x0,
    0x0, 0x0, 0x0, 0x0, 0x1, 0xff, 0xff, 0xff,
    0x8a, 0x71, 0xff, 0xff, 0xff, 0x22, 0x0, 0x0,
    0x0, 0x0, 0x0, 0x12, 0xff, 0xff, 0xff, 0x85,
    0x48, 0xff, 0xff, 0xff, 0x76, 0x0, 0x0, 0x0,
    0x0, 0x0, 0x67, 0xff, 0xff, 0xff, 0x5c, 0x7,
    0xe8, 0xff, 0xff, 0xf7, 0x59, 0x2, 0x0, 0x1,
    0x50, 0xf3, 0xff, 0xff, 0xf2, 0x10, 0x0, 0x54,
    0xff, 0xff, 0xff, 0xff, 0xec, 0xcf, 0xe8, 0xff,
    0xff, 0xff, 0xff, 0x68, 0x0, 0x0, 0x0, 0x5d,
    0xf4, 0xff, 0xff, 0xff, 0xff, 0xff, 0xff, 0xff,
    0xf9, 0x6e, 0x0, 0x0, 0x0, 0x0, 0x0, 0x19,
    0x7f, 0xc8, 0xef, 0xfe, 0xf2, 0xcc, 0x85, 0x1e,
    0x0, 0x0, 0x0,

    /* U+0039 "9" */
    0x0, 0x0, 0x0, 0xf, 0x7a, 0xcb, 0xf4, 0xfd,
    0xe6, 0xa8, 0x3a, 0x0, 0x0, 0x0, 0x0, 0x0,
    0x0, 0x3a, 0xe7, 0xff, 0xff, 0xff, 0xff, 0xff,
    0xff, 0xff, 0x8d, 0x2, 0x0, 0x0, 0x0, 0x2c,
    0xf3, 0xff, 0xff, 0xff, 0xe6, 0xd3, 0xfa, 0xff,
    0xff, 0xff, 0x86, 0x0, 0x0, 0x0, 0xc4, 0xff,
    0xff, 0xfa, 0x5d, 0x1, 0x0, 0x1a, 0xc0, 0xff,
    0xff, 0xfe, 0x2f, 0x0, 0x34, 0xff, 0xff, 0xff,
    0x7d, 0x0, 0x0, 0x0, 0x0, 0x10, 0xea, 0xff,
    0xff, 0xa4, 0x0, 0x7a, 0xff, 0xff, 0xff, 0x15,
    0x0, 0x0, 0x0, 0x0, 0x0, 0x88, 0xff, 0xff,
    0xf1, 0x3, 0x9c, 0xff, 0xff, 0xe7, 0x0, 0x0,
    0x0, 0x0, 0x0, 0x0, 0x4e, 0xff, 0xff, 0xff,
    0x29, 0xa1, 0xff, 0xff, 0xe3, 0x0, 0x0, 0x0,
    0x0, 0x0, 0x0, 0x37, 0xff, 0xff, 0xff, 0x46,
    0x88, 0xff, 0xff, 0xfe, 0xf, 0x0, 0x0, 0x0,
    0x0, 0x0, 0x39, 0xff, 0xff, 0xff, 0x4f, 0x52,
    0xff, 0xff, 0xff, 0x6d, 0x0, 0x0, 0x0, 0x0,
    0x0, 0x7c, 0xff, 0xff, 0xff, 0x50, 0xa, 0xed,
    0xff, 0xff, 0xf4, 0x46, 0x0, 0x0, 0x4, 0x70,
    0xfc, 0xff, 0xff, 0xff, 0x49, 0x0, 0x68, 0xff,
    0xff, 0xff, 0xff, 0xd0, 0xbd, 0xe9, 0xff, 0xff,
    0xff, 0xff, 0xff, 0x35, 0x0, 0x0, 0x89, 0xff,
    0xff, 0xff, 0xff, 0xff, 0xff, 0xf8, 0xa0, 0xff,
    0xff, 0xff, 0x13, 0x0, 0x0, 0x0, 0x41, 0xb1,
    0xeb, 0xfe, 0xe8, 0xa0, 0x26, 0x6e, 0xff, 0xff,
    0xe1, 0x0, 0x0, 0x0, 0x0, 0x0, 0x0, 0x0,
    0x0, 0x0, 0x0, 0x0, 0xb8, 0xff, 0xff, 0x99,
    0x0, 0x0, 0x0, 0x0, 0x0, 0x0, 0x0, 0x0,
    0x0, 0x0, 0x3a, 0xff, 0xff, 0xff, 0x38, 0x0,
    0x0, 0x0, 0x0, 0x0, 0x0, 0x0, 0x0, 0x0,
    0x2b, 0xe4, 0xff, 0xff, 0xb6, 0x0, 0x0, 0x0,
    0x0, 0x0, 0x0, 0x0, 0x7, 0x37, 0x90, 0xf7,
    0xff, 0xff, 0xea, 0x1d, 0x0, 0x0, 0x0, 0x0,
    0x0, 0x7d, 0xeb, 0xfe, 0xff, 0xff, 0xff, 0xff,
    0xeb, 0x32, 0x0, 0x0, 0x0, 0x0, 0x0, 0x0,
    0x8c, 0xff, 0xff, 0xff, 0xff, 0xff, 0xae, 0x1c,
    0x0, 0x0, 0x0, 0x0, 0x0, 0x0, 0x0, 0x8c,
    0xfa, 0xe7, 0xc2, 0x84, 0x2b, 0x0, 0x0, 0x0,
    0x0, 0x0, 0x0,

    /* U+003A ":" */
    0x0, 0x72, 0xf1, 0xec, 0x5a, 0x11, 0xfd, 0xff,
    0xff, 0xee, 0xd, 0xf8, 0xff, 0xff, 0xe4, 0x0,
    0x54, 0xcb, 0xc5, 0x40, 0x0, 0x0, 0x0, 0x0,
    0x0, 0x0, 0x0, 0x0, 0x0, 0x0, 0x0, 0x0,
    0x0, 0x0, 0x0, 0x0, 0x0, 0x0, 0x0, 0x0,
    0x0, 0x0, 0x0, 0x0, 0x0, 0x0, 0x0, 0x0,
    0x0, 0x0, 0x0, 0x0, 0x0, 0x0, 0x0, 0x0,
    0x0, 0x0, 0x0, 0x0, 0x0, 0x55, 0xcb, 0xc1,
    0x3c, 0xf, 0xf9, 0xff, 0xff, 0xe1, 0x14, 0xfe,
    0xff, 0xff, 0xeb, 0x0, 0x7a, 0xf3, 0xeb, 0x5a,

    /* U+003B ";" */
    0x0, 0x6, 0xac, 0xfa, 0xd5, 0x2a, 0x0, 0x56,
    0xff, 0xff, 0xff, 0xaa, 0x0, 0x4d, 0xff, 0xff,
    0xff, 0xa1, 0x0, 0x2, 0x86, 0xd2, 0xad, 0x1b,
    0x0, 0x0, 0x0, 0x0, 0x0, 0x0, 0x0, 0x0,
    0x0, 0x0, 0x0, 0x0, 0x0, 0x0, 0x0, 0x0,
    0x0, 0x0, 0x0, 0x0, 0x0, 0x0, 0x0, 0x0,
    0x0, 0x0, 0x0, 0x0, 0x0, 0x0, 0x0, 0x0,
    0x0, 0x0, 0x0, 0x0, 0x0, 0x0, 0x0, 0x0,
    0x0, 0x0, 0x0, 0x0, 0x0, 0x0, 0x0, 0x0,
    0x0, 0x0, 0x1f, 0x28, 0x28, 0xf, 0x0, 0x0,
    0xc4, 0xff, 0xff, 0x60, 0x0, 0x0, 0xc4, 0xff,
    0xff, 0x5c, 0x0, 0x0, 0xc6, 0xff, 0xff, 0x59,
    0x0, 0x0, 0xdb, 0xff, 0xff, 0x3c, 0x0, 0x18,
    0xfe, 0xff, 0xf1, 0x7, 0x0, 0x7d, 0xff, 0xff,
    0x8d, 0x0, 0x12, 0xef, 0xff, 0xe7, 0x12, 0x0,
    0x0, 0x53, 0xce, 0x35, 0x0, 0x0,

    /* U+003C "<" */
    0x0, 0x0, 0x0, 0x0, 0x0, 0x0, 0x0, 0x0,
    0x0, 0x0, 0x0, 0x35, 0xa5, 0x3a, 0x0, 0x0,
    0x0, 0x0, 0x0, 0x0, 0x0, 0x0, 0x4, 0x56,
    0xc6, 0xff, 0xff, 0x40, 0x0, 0x0, 0x0, 0x0,
    0x0, 0x0, 0x11, 0x75, 0xe1, 0xff, 0xff, 0xff,
    0xff, 0x40, 0x0, 0x0, 0x0, 0x0, 0x27, 0x96,
    0xf5, 0xff, 0xff, 0xff, 0xff, 0xff, 0xbe, 0x20,
    0x0, 0x1, 0x46, 0xb6, 0xff, 0xff, 0xff, 0xff,
    0xff, 0xe4, 0x84, 0x22, 0x0, 0x0, 0x10, 0xd5,
    0xff, 0xff, 0xff, 0xff, 0xfb, 0xac, 0x4a, 0x3,
    0x0, 0x0, 0x0, 0x0, 0x30, 0xff, 0xff, 0xff,
    0xeb, 0x72, 0x15, 0x0, 0x0, 0x0, 0x0, 0x0,
    0x0, 0x0, 0x28, 0xff, 0xff, 0xff, 0xff, 0xd0,
    0x6f, 0x13, 0x0, 0x0, 0x0, 0x0, 0x0, 0x0,
    0x5, 0x70, 0xdc, 0xff, 0xff, 0xff, 0xff, 0xf9,
    0xac, 0x4b, 0x3, 0x0, 0x0, 0x0, 0x0, 0x0,
    0x2, 0x4e, 0xbe, 0xff, 0xff, 0xff, 0xff, 0xff,
    0xe5, 0x87, 0x25, 0x0, 0x0, 0x0, 0x0, 0x0,
    0x0, 0x30, 0x9e, 0xf8, 0xff, 0xff, 0xff, 0xff,
    0xff, 0x3a, 0x0, 0x0, 0x0, 0x0, 0x0, 0x0,
    0x0, 0x16, 0x7e, 0xe9, 0xff, 0xff, 0xff, 0x40,
    0x0, 0x0, 0x0, 0x0, 0x0, 0x0, 0x0, 0x0,
    0x0, 0x7, 0x5f, 0xcf, 0xff, 0x40, 0x0, 0x0,
    0x0, 0x0, 0x0, 0x0, 0x0, 0x0, 0x0, 0x0,
    0x0, 0x0, 0x42, 0x22,

    /* U+003D "=" */
    0xe8, 0xff, 0xff, 0xff, 0xff, 0xff, 0xff, 0xff,
    0xff, 0xff, 0xff, 0xff, 0xd0, 0xe8, 0xff, 0xff,
    0xff, 0xff, 0xff, 0xff, 0xff, 0xff, 0xff, 0xff,
    0xff, 0xd0, 0xcb, 0xe0, 0xe0, 0xe0, 0xe0, 0xe0,
    0xe0, 0xe0, 0xe0, 0xe0, 0xe0, 0xe0, 0xb6, 0x0,
    0x0, 0x0, 0x0, 0x0, 0x0, 0x0, 0x0, 0x0,
    0x0, 0x0, 0x0, 0x0, 0x0, 0x0, 0x0, 0x0,
    0x0, 0x0, 0x0, 0x0, 0x0, 0x0, 0x0, 0x0,
    0x0, 0x0, 0x0, 0x0, 0x0, 0x0, 0x0, 0x0,
    0x0, 0x0, 0x0, 0x0, 0x0, 0x0, 0xcb, 0xe0,
    0xe0, 0xe0, 0xe0, 0xe0, 0xe0, 0xe0, 0xe0, 0xe0,
    0xe0, 0xe0, 0xb6, 0xe8, 0xff, 0xff, 0xff, 0xff,
    0xff, 0xff, 0xff, 0xff, 0xff, 0xff, 0xff, 0xd0,
    0xe8, 0xff, 0xff, 0xff, 0xff, 0xff, 0xff, 0xff,
    0xff, 0xff, 0xff, 0xff, 0xd0,

    /* U+003E ">" */
    0x26, 0xb4, 0x47, 0x1, 0x0, 0x0, 0x0, 0x0,
    0x0, 0x0, 0x0, 0x0, 0x0, 0x0, 0x28, 0xff,
    0xff, 0xd8, 0x6d, 0xd, 0x0, 0x0, 0x0, 0x0,
    0x0, 0x0, 0x0, 0x0, 0x28, 0xff, 0xff, 0xff,
    0xff, 0xf3, 0x94, 0x28, 0x0, 0x0, 0x0, 0x0,
    0x0, 0x0, 0x11, 0xa4, 0xf4, 0xff, 0xff, 0xff,
    0xff, 0xff, 0xb9, 0x4c, 0x2, 0x0, 0x0, 0x0,
    0x0, 0x0, 0xc, 0x60, 0xc0, 0xfe, 0xff, 0xff,
    0xff, 0xff, 0xdc, 0x72, 0x10, 0x0, 0x0, 0x0,
    0x0, 0x0, 0x0, 0x20, 0x7c, 0xdb, 0xff, 0xff,
    0xff, 0xff, 0xf5, 0x59, 0x0, 0x0, 0x0, 0x0,
    0x0, 0x0, 0x0, 0x1, 0x3c, 0xb3, 0xff, 0xff,
    0xff, 0x80, 0x0, 0x0, 0x0, 0x0, 0x0, 0x0,
    0x7, 0x54, 0xb4, 0xfc, 0xff, 0xff, 0xff, 0x80,
    0x0, 0x0, 0x0, 0x0, 0x34, 0x94, 0xed, 0xff,
    0xff, 0xff, 0xff, 0xf3, 0x96, 0x21, 0x0, 0x18,
    0x74, 0xd4, 0xff, 0xff, 0xff, 0xff, 0xff, 0xdc,
    0x71, 0xf, 0x0, 0x0, 0x22, 0xfc, 0xff, 0xff,
    0xff, 0xff, 0xff, 0xb9, 0x4b, 0x2, 0x0, 0x0,
    0x0, 0x0, 0x28, 0xff, 0xff, 0xff, 0xf3, 0x93,
    0x27, 0x0, 0x0, 0x0, 0x0, 0x0, 0x0, 0x0,
    0x28, 0xff, 0xda, 0x6e, 0xe, 0x0, 0x0, 0x0,
    0x0, 0x0, 0x0, 0x0, 0x0, 0x0, 0x15, 0x48,
    0x1, 0x0, 0x0, 0x0, 0x0, 0x0, 0x0, 0x0,
    0x0, 0x0, 0x0, 0x0,

    /* U+003F "?" */
    0x0, 0x0, 0x0, 0x24, 0x8f, 0xd2, 0xf5, 0xfd,
    0xeb, 0xbb, 0x61, 0x4, 0x0, 0x0, 0x0, 0x0,
    0x65, 0xf9, 0xff, 0xff, 0xff, 0xff, 0xff, 0xff,
    0xff, 0xca, 0x13, 0x0, 0x0, 0x45, 0xfe, 0xff,
    0xff, 0xff, 0xf4, 0xe5, 0xff, 0xff, 0xff, 0xff,
    0xb4, 0x0, 0x0, 0xc8, 0xff, 0xff, 0xfb, 0x61,
    0x4, 0x0, 0x22, 0xd1, 0xff, 0xff, 0xff, 0x2b,
    0xd, 0xfe, 0xff, 0xff, 0x97, 0x0, 0x0, 0x0,
    0x0, 0x44, 0xff, 0xff, 0xff, 0x64, 0xe, 0x78,
    0x78, 0x78, 0x31, 0x0, 0x0, 0x0, 0x0, 0x18,
    0xff, 0xff, 0xff, 0x74, 0x0, 0x0, 0x0, 0x0,
    0x0, 0x0, 0x0, 0x0, 0x0, 0x36, 0xff, 0xff,
    0xff, 0x59, 0x0, 0x0, 0x0, 0x0, 0x0, 0x0,
    0x0, 0x0, 0x1, 0xb3, 0xff, 0xff, 0xf3, 0x11,
    0x0, 0x0, 0x0, 0x0, 0x0, 0x0, 0x0, 0x1,
    0x8f, 0xff, 0xff, 0xff, 0x71, 0x0, 0x0, 0x0,
    0x0, 0x0, 0x0, 0x0, 0x1, 0x9b, 0xff, 0xff,
    0xff, 0xa1, 0x1, 0x0, 0x0, 0x0, 0x0, 0x0,
    0x0, 0x0, 0x88, 0xff, 0xff, 0xff, 0xa2, 0x3,
    0x0, 0x0, 0x0, 0x0, 0x0, 0x0, 0x0, 0x36,
    0xff, 0xff, 0xff, 0x9a, 0x1, 0x0, 0x0, 0x0,
    0x0, 0x0, 0x0, 0x0, 0x0, 0x97, 0xff, 0xff,
    0xde, 0x5, 0x0, 0x0, 0x0, 0x0, 0x0, 0x0,
    0x0, 0x0, 0x0, 0xc5, 0xff, 0xff, 0x8e, 0x0,
    0x0, 0x0, 0x0, 0x0, 0x0, 0x0, 0x0, 0x0,
    0x0, 0x96, 0xb4, 0xb4, 0x4f, 0x0, 0x0, 0x0,
    0x0, 0x0, 0x0, 0x0, 0x0, 0x0, 0x0, 0x0,
    0x0, 0x0, 0x0, 0x0, 0x0, 0x0, 0x0, 0x0,
    0x0, 0x0, 0x0, 0x0, 0x0, 0x0, 0x0, 0x0,
    0x0, 0x0, 0x0, 0x0, 0x0, 0x0, 0x0, 0x0,
    0x0, 0x0, 0x0, 0x44, 0xb4, 0xa8, 0x24, 0x0,
    0x0, 0x0, 0x0, 0x0, 0x0, 0x0, 0x0, 0x0,
    0xc, 0xf5, 0xff, 0xff, 0xc7, 0x0, 0x0, 0x0,
    0x0, 0x0, 0x0, 0x0, 0x0, 0x0, 0x15, 0xff,
    0xff, 0xff, 0xd9, 0x0, 0x0, 0x0, 0x0, 0x0,
    0x0, 0x0, 0x0, 0x0, 0x0, 0x7a, 0xf4, 0xe8,
    0x4c, 0x0, 0x0, 0x0, 0x0, 0x0,

    /* U+0040 "@" */
    0x0, 0x0, 0x0, 0x0, 0x0, 0x0, 0x0, 0x0,
    0x28, 0x7e, 0xbd, 0xe4, 0xf9, 0xfd, 0xf0, 0xd1,
    0x9e, 0x53, 0x7, 0x0, 0x0, 0x0, 0x0, 0x0,
    0x0, 0x0, 0x0, 0x0, 0x0, 0x0, 0x0, 0x28,
    0xb4, 0xff, 0xff, 0xff, 0xff, 0xff, 0xff, 0xff,
    0xff, 0xff, 0xff, 0xe7, 0x66, 0x1, 0x0, 0x0,
    0x0, 0x0, 0x0, 0x0, 0x0, 0x0, 0x0, 0x66,
    0xf8, 0xff, 0xff, 0xc3, 0x71, 0x3d, 0x23, 0x20,
    0x2f, 0x56, 0x94, 0xeb, 0xff, 0xff, 0xb0, 0xa,
    0x0, 0x0, 0x0, 0x0, 0x0, 0x0, 0x0, 0x7d,
    0xff, 0xff, 0xd3, 0x3a, 0x0, 0x0, 0x0, 0x0,
    0x0, 0x0, 0x0, 0x0, 0x9, 0x7d, 0xfb, 0xff,
    0xba, 0x3, 0x0, 0x0, 0x0, 0x0, 0x0, 0x61,
    0xff, 0xff, 0xb0, 0x9, 0x0, 0x0, 0x0, 0x0,
    0x0, 0x0, 0x0, 0x0, 0x0, 0x0, 0x0, 0x49,
    0xfa, 0xff, 0x7e, 0x0, 0x0, 0x0, 0x0, 0x23,
    0xf5, 0xff, 0xc0, 0x6, 0x0, 0x0, 0x0, 0x0,
    0x0, 0x0, 0x0, 0x0, 0x0, 0x0, 0x0, 0x0,
    0x0, 0x6f, 0xff, 0xf8, 0x1d, 0x0, 0x0, 0x0,
    0xb0, 0xff, 0xf1, 0x1b, 0x0, 0x0, 0x0, 0x0,
    0x1e, 0x99, 0xe8, 0xfd, 0xef, 0xb8, 0x43, 0x0,
    0x0, 0x0, 0x3, 0xd8, 0xff, 0x89, 0x0, 0x0,
    0x2e, 0xff, 0xff, 0x7b, 0x0, 0x0, 0x0, 0x0,
    0x41, 0xf0, 0xff, 0xff, 0xff, 0xff, 0xff, 0xff,
    0x8d, 0x0, 0x0, 0x0, 0x71, 0xff, 0xe3, 0x1,
    0x0, 0x93, 0xff, 0xf8, 0x11, 0x0, 0x0, 0x0,
    0x25, 0xf3, 0xff, 0xf2, 0x75, 0x3a, 0x4d, 0xf3,
    0xff, 0xb3, 0x0, 0x0, 0x0, 0x24, 0xff, 0xff,
    0x27, 0x1, 0xe6, 0xff, 0xae, 0x0, 0x0, 0x0,
    0x0, 0xbc, 0xff, 0xfa, 0x37, 0x0, 0x0, 0x0,
    0xf4, 0xff, 0x9c, 0x0, 0x0, 0x0, 0x0, 0xf0,
    0xff, 0x59, 0x27, 0xff, 0xff, 0x67, 0x0, 0x0,
    0x0, 0x3a, 0xff, 0xff, 0x94, 0x0, 0x0, 0x0,
    0xc, 0xff, 0xff, 0x87, 0x0, 0x0, 0x0, 0x0,
    0xcf, 0xff, 0x78, 0x57, 0xff, 0xff, 0x35, 0x0,
    0x0, 0x0, 0x99, 0xff, 0xff, 0x2f, 0x0, 0x0,
    0x0, 0x22, 0xff, 0xff, 0x70, 0x0, 0x0, 0x0,
    0x0, 0xbf, 0xff, 0x88, 0x78, 0xff, 0xff, 0x11,
    0x0, 0x0, 0x0, 0xe2, 0xff, 0xea, 0x1, 0x0,
    0x0, 0x0, 0x39, 0xff, 0xff, 0x5a, 0x0, 0x0,
    0x0, 0x0, 0xbd, 0xff, 0x8b, 0x8d, 0xff, 0xfb,
    0x1, 0x0, 0x0, 0x13, 0xff, 0xff, 0xbe, 0x0,
    0x0, 0x0, 0x0, 0x50, 0xff, 0xff, 0x44, 0x0,
    0x0, 0x0, 0x0, 0xc8, 0xff, 0x81, 0x94, 0xff,
    0xf4, 0x0, 0x0, 0x0, 0x31, 0xff, 0xff, 0xa3,
    0x0, 0x0, 0x0, 0x0, 0x66, 0xff, 0xff, 0x2d,
    0x0, 0x0, 0x0, 0x0, 0xe3, 0xff, 0x63, 0x8f,
    0xff, 0xfa, 0x0, 0x0, 0x0, 0x3c, 0xff, 0xff,
    0x98, 0x0, 0x0, 0x0, 0x0, 0x83, 0xff, 0xff,
    0x18, 0x0, 0x0, 0x0, 0x16, 0xff, 0xff, 0x33,
    0x7d, 0xff, 0xff, 0xd, 0x0, 0x0, 0x2f, 0xff,
    0xff, 0xae, 0x0, 0x0, 0x0, 0x0, 0xcc, 0xff,
    0xff, 0x5, 0x0, 0x0, 0x0, 0x68, 0xff, 0xea,
    0x3, 0x5d, 0xff, 0xff, 0x32, 0x0, 0x0, 0x9,
    0xfa, 0xff, 0xf0, 0x10, 0x0, 0x0, 0x62, 0xff,
    0xff, 0xff, 0x18, 0x0, 0x0, 0xb, 0xde, 0xff,
    0x87, 0x0, 0x2b, 0xff, 0xff, 0x6c, 0x0, 0x0,
    0x0, 0xb0, 0xff, 0xff, 0xc9, 0x65, 0x93, 0xfd,
    0xf2, 0xff, 0xff, 0x99, 0x16, 0x2e, 0xc0, 0xff,
    0xe7, 0x11, 0x0, 0x1, 0xe5, 0xff, 0xbc, 0x0,
    0x0, 0x0, 0x2a, 0xf4, 0xff, 0xff, 0xff, 0xff,
    0xed, 0x31, 0xc1, 0xff, 0xff, 0xff, 0xff, 0xff,
    0xed, 0x36, 0x0, 0x0, 0x0, 0x8b, 0xff, 0xff,
    0x32, 0x0, 0x0, 0x0, 0x31, 0xbd, 0xf8, 0xf1,
    0xa6, 0x20, 0x0, 0x10, 0x98, 0xec, 0xfc, 0xe2,
    0x97, 0x1c, 0x0, 0x0, 0x0, 0x0, 0x1e, 0xf8,
    0xff, 0xc9, 0x5, 0x0, 0x0, 0x0, 0x0, 0x0,
    0x0, 0x0, 0x0, 0x0, 0x0, 0x0, 0x0, 0x0,
    0x0, 0x0, 0x0, 0x0, 0x0, 0x0, 0x0, 0x0,
    0x7d, 0xff, 0xff, 0xa6, 0x5, 0x0, 0x0, 0x0,
    0x0, 0x0, 0x0, 0x0, 0x0, 0x0, 0x0, 0x0,
    0x0, 0x0, 0x0, 0x0, 0x0, 0x0, 0x0, 0x0,
    0x0, 0x3, 0xb4, 0xff, 0xff, 0xc6, 0x2f, 0x0,
    0x0, 0x0, 0x0, 0x0, 0x0, 0x0, 0x0, 0x7,
    0x0, 0x0, 0x0, 0x0, 0x0, 0x0, 0x0, 0x0,
    0x0, 0x0, 0x0, 0x8, 0xa7, 0xff, 0xff, 0xff,
    0xbe, 0x72, 0x45, 0x2f, 0x2b, 0x3d, 0x62, 0x9d,
    0xeb, 0x2a, 0x0, 0x0, 0x0, 0x0, 0x0, 0x0,
    0x0, 0x0, 0x0, 0x0, 0x0, 0x0, 0x5c, 0xde,
    0xff, 0xff, 0xff, 0xff, 0xff, 0xff, 0xff, 0xff,
    0xff, 0xff, 0x60, 0x0, 0x0, 0x0, 0x0, 0x0,
    0x0, 0x0, 0x0, 0x0, 0x0, 0x0, 0x0, 0x0,
    0x3, 0x49, 0x94, 0xca, 0xeb, 0xfc, 0xfc, 0xe9,
    0xc3, 0x8b, 0x38, 0x0, 0x0, 0x0, 0x0, 0x0,
    0x0, 0x0, 0x0,

    /* U+0041 "A" */
    0x0, 0x0, 0x0, 0x0, 0x0, 0x0, 0x0, 0x3,
    0xe5, 0xff, 0xff, 0xcc, 0x0, 0x0, 0x0, 0x0,
    0x0, 0x0, 0x0, 0x0, 0x0, 0x0, 0x0, 0x0,
    0x0, 0x0, 0x0, 0x4c, 0xff, 0xff, 0xff, 0xff,
    0x30, 0x0, 0x0, 0x0, 0x0, 0x0, 0x0, 0x0,
    0x0, 0x0, 0x0, 0x0, 0x0, 0x0, 0x0, 0xac,
    0xff, 0xff, 0xff, 0xff, 0x92, 0x0, 0x0, 0x0,
    0x0, 0x0, 0x0, 0x0, 0x0, 0x0, 0x0, 0x0,
    0x0, 0x0, 0x15, 0xfb, 0xff, 0xff, 0xff, 0xff,
    0xed, 0x7, 0x0, 0x0, 0x0, 0x0, 0x0, 0x0,
    0x0, 0x0, 0x0, 0x0, 0x0, 0x0, 0x70, 0xff,
    0xff, 0xe0, 0xf2, 0xff, 0xff, 0x56, 0x0, 0x0,
    0x0, 0x0, 0x0, 0x0, 0x0, 0x0, 0x0, 0x0,
    0x0, 0x0, 0xd4, 0xff, 0xff, 0x86, 0xa2, 0xff,
    0xff, 0xb8, 0x0, 0x0, 0x0, 0x0, 0x0, 0x0,
    0x0, 0x0, 0x0, 0x0, 0x0, 0x34, 0xff, 0xff,
    0xff, 0x2d, 0x47, 0xff, 0xff, 0xfd, 0x1e, 0x0,
    0x0, 0x0, 0x0, 0x0, 0x0, 0x0, 0x0, 0x0,
    0x0, 0x96, 0xff, 0xff, 0xd3, 0x0, 0x4, 0xea,
    0xff, 0xff, 0x7c, 0x0, 0x0, 0x0, 0x0, 0x0,
    0x0, 0x0, 0x0, 0x0, 0x8, 0xf0, 0xff, 0xff,
    0x7a, 0x0, 0x0, 0x93, 0xff, 0xff, 0xde, 0x1,
    0x0, 0x0, 0x0, 0x0, 0x0, 0x0, 0x0, 0x0,
    0x5b, 0xff, 0xff, 0xff, 0x22, 0x0, 0x0, 0x3a,
    0xff, 0xff, 0xff, 0x41, 0x0, 0x0, 0x0, 0x0,
    0x0, 0x0, 0x0, 0x0, 0xbc, 0xff, 0xff, 0xc7,
    0x0, 0x0, 0x0, 0x1, 0xde, 0xff, 0xff, 0xa4,
    0x0, 0x0, 0x0, 0x0, 0x0, 0x0, 0x0, 0x20,
    0xfe, 0xff, 0xff, 0x6e, 0x0, 0x0, 0x0, 0x0,
    0x85, 0xff, 0xff, 0xf6, 0x10, 0x0, 0x0, 0x0,
    0x0, 0x0, 0x0, 0x80, 0xff, 0xff, 0xfd, 0x17,
    0x0, 0x0, 0x0, 0x0, 0x2c, 0xff, 0xff, 0xff,
    0x68, 0x0, 0x0, 0x0, 0x0, 0x0, 0x2, 0xe0,
    0xff, 0xff, 0xff, 0xe4, 0xe4, 0xe4, 0xe4, 0xe4,
    0xe4, 0xff, 0xff, 0xff, 0xcb, 0x0, 0x0, 0x0,
    0x0, 0x0, 0x44, 0xff, 0xff, 0xff, 0xff, 0xff,
    0xff, 0xff, 0xff, 0xff, 0xff, 0xff, 0xff, 0xff,
    0xff, 0x2c, 0x0, 0x0, 0x0, 0x0, 0xa6, 0xff,
    0xff, 0xff, 0xff, 0xff, 0xff, 0xff, 0xff, 0xff,
    0xff, 0xff, 0xff, 0xff, 0xff, 0x90, 0x0, 0x0,
    0x0, 0x10, 0xf8, 0xff, 0xff, 0xae, 0x0, 0x0,
    0x0, 0x0, 0x0, 0x0, 0x0, 0x0, 0xc5, 0xff,
    0xff, 0xeb, 0x7, 0x0, 0x0, 0x69, 0xff, 0xff,
    0xff, 0x55, 0x0, 0x0, 0x0, 0x0, 0x0, 0x0,
    0x0, 0x0, 0x6a, 0xff, 0xff, 0xff, 0x54, 0x0,
    0x0, 0xcc, 0xff, 0xff, 0xf2, 0x9, 0x0, 0x0,
    0x0, 0x0, 0x0, 0x0, 0x0, 0x0, 0x16, 0xfc,
    0xff, 0xff, 0xb6, 0x0, 0x2d, 0xff, 0xff, 0xff,
    0xa2, 0x0, 0x0, 0x0, 0x0, 0x0, 0x0, 0x0,
    0x0, 0x0, 0x0, 0xb7, 0xff, 0xff, 0xfd, 0x1b,
    0x90, 0xff, 0xff, 0xff, 0x49, 0x0, 0x0, 0x0,
    0x0, 0x0, 0x0, 0x0, 0x0, 0x0, 0x0, 0x5d,
    0xff, 0xff, 0xff, 0x7b,

    /* U+0042 "B" */
    0xd4, 0xff, 0xff, 0xff, 0xff, 0xff, 0xff, 0xff,
    0xf6, 0xdb, 0xaa, 0x5b, 0x5, 0x0, 0x0, 0x0,
    0xd4, 0xff, 0xff, 0xff, 0xff, 0xff, 0xff, 0xff,
    0xff, 0xff, 0xff, 0xff, 0xd9, 0x2b, 0x0, 0x0,
    0xd4, 0xff, 0xff, 0xfc, 0xe8, 0xe8, 0xe8, 0xea,
    0xf9, 0xff, 0xff, 0xff, 0xff, 0xe6, 0x13, 0x0,
    0xd4, 0xff, 0xff, 0xd8, 0x0, 0x0, 0x0, 0x0,
    0x3, 0x39, 0xcb, 0xff, 0xff, 0xff, 0x82, 0x0,
    0xd4, 0xff, 0xff, 0xd8, 0x0, 0x0, 0x0, 0x0,
    0x0, 0x0, 0x19, 0xfa, 0xff, 0xff, 0xc7, 0x0,
    0xd4, 0xff, 0xff, 0xd8, 0x0, 0x0, 0x0, 0x0,
    0x0, 0x0, 0x0, 0xd0, 0xff, 0xff, 0xe0, 0x0,
    0xd4, 0xff, 0xff, 0xd8, 0x0, 0x0, 0x0, 0x0,
    0x0, 0x0, 0x0, 0xd8, 0xff, 0xff, 0xd1, 0x0,
    0xd4, 0xff, 0xff, 0xd8, 0x0, 0x0, 0x0, 0x0,
    0x0, 0x0, 0x35, 0xff, 0xff, 0xff, 0x8c, 0x0,
    0xd4, 0xff, 0xff, 0xd8, 0x0, 0x0, 0x0, 0x1,
    0x17, 0x61, 0xeb, 0xff, 0xff, 0xe9, 0x18, 0x0,
    0xd4, 0xff, 0xff, 0xff, 0xff, 0xff, 0xff, 0xff,
    0xff, 0xff, 0xff, 0xff, 0xd7, 0x2a, 0x0, 0x0,
    0xd4, 0xff, 0xff, 0xff, 0xff, 0xff, 0xff, 0xff,
    0xff, 0xff, 0xff, 0xfe, 0x99, 0x1b, 0x0, 0x0,
    0xd4, 0xff, 0xff, 0xf6, 0xc0, 0xc0, 0xc0, 0xc0,
    0xb4, 0xd0, 0xff, 0xff, 0xff, 0xea, 0x2d, 0x0,
    0xd4, 0xff, 0xff, 0xd8, 0x0, 0x0, 0x0, 0x0,
    0x0, 0x0, 0x3f, 0xf3, 0xff, 0xff, 0xd0, 0x1,
    0xd4, 0xff, 0xff, 0xd8, 0x0, 0x0, 0x0, 0x0,
    0x0, 0x0, 0x0, 0x82, 0xff, 0xff, 0xff, 0x38,
    0xd4, 0xff, 0xff, 0xd8, 0x0, 0x0, 0x0, 0x0,
    0x0, 0x0, 0x0, 0x48, 0xff, 0xff, 0xff, 0x65,
    0xd4, 0xff, 0xff, 0xd8, 0x0, 0x0, 0x0, 0x0,
    0x0, 0x0, 0x0, 0x4f, 0xff, 0xff, 0xff, 0x62,
    0xd4, 0xff, 0xff, 0xd8, 0x0, 0x0, 0x0, 0x0,
    0x0, 0x0, 0x0, 0xa3, 0xff, 0xff, 0xff, 0x3f,
    0xd4, 0xff, 0xff, 0xd8, 0x0, 0x0, 0x0, 0x0,
    0x0, 0x17, 0x8e, 0xff, 0xff, 0xff, 0xe8, 0x5,
    0xd4, 0xff, 0xff, 0xff, 0xe4, 0xe4, 0xe4, 0xe4,
    0xeb, 0xff, 0xff, 0xff, 0xff, 0xff, 0x59, 0x0,
    0xd4, 0xff, 0xff, 0xff, 0xff, 0xff, 0xff, 0xff,
    0xff, 0xff, 0xff, 0xff, 0xf6, 0x64, 0x0, 0x0,
    0xd4, 0xff, 0xff, 0xff, 0xff, 0xff, 0xff, 0xff,
    0xfc, 0xe8, 0xc0, 0x7b, 0x19, 0x0, 0x0, 0x0,

    /* U+0043 "C" */
    0x0, 0x0, 0x0, 0x0, 0x0, 0x43, 0xa0, 0xda,
    0xf7, 0xfc, 0xec, 0xc6, 0x81, 0x1d, 0x0, 0x0,
    0x0, 0x0, 0x0, 0x0, 0x0, 0x1b, 0xbc, 0xff,
    0xff, 0xff, 0xff, 0xff, 0xff, 0xff, 0xff, 0xf9,
    0x77, 0x1, 0x0, 0x0, 0x0, 0x0, 0x1f, 0xe2,
    0xff, 0xff, 0xff, 0xff, 0xf8, 0xf0, 0xff, 0xff,
    0xff, 0xff, 0xff, 0x8f, 0x0, 0x0, 0x0, 0x4,
    0xcd, 0xff, 0xff, 0xff, 0xae, 0x31, 0x1, 0x0,
    0xc, 0x57, 0xe3, 0xff, 0xff, 0xff, 0x49, 0x0,
    0x0, 0x67, 0xff, 0xff, 0xff, 0x9a, 0x1, 0x0,
    0x0, 0x0, 0x0, 0x0, 0x22, 0xf4, 0xff, 0xff,
    0xca, 0x0, 0x0, 0xd3, 0xff, 0xff, 0xec, 0xc,
    0x0, 0x0, 0x0, 0x0, 0x0, 0x0, 0x0, 0x94,
    0xff, 0xff, 0xff, 0x22, 0x21, 0xff, 0xff, 0xff,
    0x97, 0x0, 0x0, 0x0, 0x0, 0x0, 0x0, 0x0,
    0x0, 0x50, 0xff, 0xff, 0xff, 0x5a, 0x55, 0xff,
    0xff, 0xff, 0x5b, 0x0, 0x0, 0x0, 0x0, 0x0,
    0x0, 0x0, 0x0, 0x4, 0x10, 0x10, 0x10, 0x7,
    0x72, 0xff, 0xff, 0xff, 0x3c, 0x0, 0x0, 0x0,
    0x0, 0x0, 0x0, 0x0, 0x0, 0x0, 0x0, 0x0,
    0x0, 0x0, 0x7e, 0xff, 0xff, 0xff, 0x31, 0x0,
    0x0, 0x0, 0x0, 0x0, 0x0, 0x0, 0x0, 0x0,
    0x0, 0x0, 0x0, 0x0, 0x80, 0xff, 0xff, 0xff,
    0x30, 0x0, 0x0, 0x0, 0x0, 0x0, 0x0, 0x0,
    0x0, 0x0, 0x0, 0x0, 0x0, 0x0, 0x7e, 0xff,
    0xff, 0xff, 0x31, 0x0, 0x0, 0x0, 0x0, 0x0,
    0x0, 0x0, 0x0, 0x0, 0x0, 0x0, 0x0, 0x0,
    0x73, 0xff, 0xff, 0xff, 0x3c, 0x0, 0x0, 0x0,
    0x0, 0x0, 0x0, 0x0, 0x0, 0x0, 0x0, 0x0,
    0x0, 0x0, 0x55, 0xff, 0xff, 0xff, 0x5b, 0x0,
    0x0, 0x0, 0x0, 0x0, 0x0, 0x0, 0x0, 0x0,
    0x0, 0x0, 0x0, 0x0, 0x23, 0xff, 0xff, 0xff,
    0x94, 0x0, 0x0, 0x0, 0x0, 0x0, 0x0, 0x0,
    0x0, 0x50, 0xfc, 0xfc, 0xfc, 0x59, 0x0, 0xd7,
    0xff, 0xff, 0xea, 0x9, 0x0, 0x0, 0x0, 0x0,
    0x0, 0x0, 0x0, 0x94, 0xff, 0xff, 0xff, 0x29,
    0x0, 0x6e, 0xff, 0xff, 0xff, 0x8f, 0x0, 0x0,
    0x0, 0x0, 0x0, 0x0, 0x22, 0xf4, 0xff, 0xff,
    0xd0, 0x0, 0x0, 0x6, 0xd3, 0xff, 0xff, 0xff,
    0xa1, 0x25, 0x0, 0x0, 0xc, 0x58, 0xe3, 0xff,
    0xff, 0xff, 0x4d, 0x0, 0x0, 0x0, 0x25, 0xe8,
    0xff, 0xff, 0xff, 0xff, 0xf2, 0xec, 0xfe, 0xff,
    0xff, 0xff, 0xff, 0x8e, 0x0, 0x0, 0x0, 0x0,
    0x0, 0x1f, 0xc3, 0xff, 0xff, 0xff, 0xff, 0xff,
    0xff, 0xff, 0xff, 0xf6, 0x72, 0x1, 0x0, 0x0,
    0x0, 0x0, 0x0, 0x0, 0x1, 0x4c, 0xa5, 0xdf,
    0xf9, 0xfb, 0xea, 0xc0, 0x7a, 0x18, 0x0, 0x0,
    0x0, 0x0,

    /* U+0044 "D" */
    0xd4, 0xff, 0xff, 0xff, 0xff, 0xff, 0xff, 0xf2,
    0xd0, 0x96, 0x3d, 0x0, 0x0, 0x0, 0x0, 0x0,
    0x0, 0xd4, 0xff, 0xff, 0xff, 0xff, 0xff, 0xff,
    0xff, 0xff, 0xff, 0xff, 0xc2, 0x26, 0x0, 0x0,
    0x0, 0x0, 0xd4, 0xff, 0xff, 0xff, 0xe8, 0xe8,
    0xe9, 0xf8, 0xff, 0xff, 0xff, 0xff, 0xf2, 0x40,
    0x0, 0x0, 0x0, 0xd4, 0xff, 0xff, 0xd8, 0x0,
    0x0, 0x0, 0x2, 0x31, 0x9e, 0xff, 0xff, 0xff,
    0xf1, 0x25, 0x0, 0x0, 0xd4, 0xff, 0xff, 0xd8,
    0x0, 0x0, 0x0, 0x0, 0x0, 0x0, 0x5d, 0xff,
    0xff, 0xff, 0xc0, 0x0, 0x0, 0xd4, 0xff, 0xff,
    0xd8, 0x0, 0x0, 0x0, 0x0, 0x0, 0x0, 0x0,
    0x9c, 0xff, 0xff, 0xff, 0x3d, 0x0, 0xd4, 0xff,
    0xff, 0xd8, 0x0, 0x0, 0x0, 0x0, 0x0, 0x0,
    0x0, 0x26, 0xff, 0xff, 0xff, 0x98, 0x0, 0xd4,
    0xff, 0xff, 0xd8, 0x0, 0x0, 0x0, 0x0, 0x0,
    0x0, 0x0, 0x0, 0xdd, 0xff, 0xff, 0xd8, 0x0,
    0xd4, 0xff, 0xff, 0xd8, 0x0, 0x0, 0x0, 0x0,
    0x0, 0x0, 0x0, 0x0, 0xb2, 0xff, 0xff, 0xfc,
    0x3, 0xd4, 0xff, 0xff, 0xd8, 0x0, 0x0, 0x0,
    0x0, 0x0, 0x0, 0x0, 0x0, 0xa0, 0xff, 0xff,
    0xff, 0x10, 0xd4, 0xff, 0xff, 0xd8, 0x0, 0x0,
    0x0, 0x0, 0x0, 0x0, 0x0, 0x0, 0x9c, 0xff,
    0xff, 0xff, 0x14, 0xd4, 0xff, 0xff, 0xd8, 0x0,
    0x0, 0x0, 0x0, 0x0, 0x0, 0x0, 0x0, 0xa1,
    0xff, 0xff, 0xff, 0x10, 0xd4, 0xff, 0xff, 0xd8,
    0x0, 0x0, 0x0, 0x0, 0x0, 0x0, 0x0, 0x0,
    0xb4, 0xff, 0xff, 0xfc, 0x3, 0xd4, 0xff, 0xff,
    0xd8, 0x0, 0x0, 0x0, 0x0, 0x0, 0x0, 0x0,
    0x0, 0xe1, 0xff, 0xff, 0xd8, 0x0, 0xd4, 0xff,
    0xff, 0xd8, 0x0, 0x0, 0x0, 0x0, 0x0, 0x0,
    0x0, 0x2e, 0xff, 0xff, 0xff, 0x9a, 0x0, 0xd4,
    0xff, 0xff, 0xd8, 0x0, 0x0, 0x0, 0x0, 0x0,
    0x0, 0x0, 0xaa, 0xff, 0xff, 0xff, 0x3e, 0x0,
    0xd4, 0xff, 0xff, 0xd8, 0x0, 0x0, 0x0, 0x0,
    0x0, 0x0, 0x6e, 0xff, 0xff, 0xff, 0xc2, 0x0,
    0x0, 0xd4, 0xff, 0xff, 0xd8, 0x0, 0x0, 0x0,
    0x3, 0x37, 0xa8, 0xff, 0xff, 0xff, 0xf1, 0x26,
    0x0, 0x0, 0xd4, 0xff, 0xff, 0xff, 0xe4, 0xe4,
    0xe7, 0xf9, 0xff, 0xff, 0xff, 0xff, 0xf2, 0x40,
    0x0, 0x0, 0x0, 0xd4, 0xff, 0xff, 0xff, 0xff,
    0xff, 0xff, 0xff, 0xff, 0xff, 0xff, 0xbe, 0x26,
    0x0, 0x0, 0x0, 0x0, 0xd4, 0xff, 0xff, 0xff,
    0xff, 0xff, 0xfe, 0xf1, 0xd0, 0x93, 0x3a, 0x0,
    0x0, 0x0, 0x0, 0x0, 0x0,

    /* U+0045 "E" */
    0xd4, 0xff, 0xff, 0xff, 0xff, 0xff, 0xff, 0xff,
    0xff, 0xff, 0xff, 0xff, 0xff, 0xff, 0x10, 0xd4,
    0xff, 0xff, 0xff, 0xff, 0xff, 0xff, 0xff, 0xff,
    0xff, 0xff, 0xff, 0xff, 0xff, 0x10, 0xd4, 0xff,
    0xff, 0xff, 0xe8, 0xe8, 0xe8, 0xe8, 0xe8, 0xe8,
    0xe8, 0xe8, 0xe8, 0xe8, 0xf, 0xd4, 0xff, 0xff,
    0xd8, 0x0, 0x0, 0x0, 0x0, 0x0, 0x0, 0x0,
    0x0, 0x0, 0x0, 0x0, 0xd4, 0xff, 0xff, 0xd8,
    0x0, 0x0, 0x0, 0x0, 0x0, 0x0, 0x0, 0x0,
    0x0, 0x0, 0x0, 0xd4, 0xff, 0xff, 0xd8, 0x0,
    0x0, 0x0, 0x0, 0x0, 0x0, 0x0, 0x0, 0x0,
    0x0, 0x0, 0xd4, 0xff, 0xff, 0xd8, 0x0, 0x0,
    0x0, 0x0, 0x0, 0x0, 0x0, 0x0, 0x0, 0x0,
    0x0, 0xd4, 0xff, 0xff, 0xd8, 0x0, 0x0, 0x0,
    0x0, 0x0, 0x0, 0x0, 0x0, 0x0, 0x0, 0x0,
    0xd4, 0xff, 0xff, 0xd8, 0x0, 0x0, 0x0, 0x0,
    0x0, 0x0, 0x0, 0x0, 0x0, 0x0, 0x0, 0xd4,
    0xff, 0xff, 0xff, 0xff, 0xff, 0xff, 0xff, 0xff,
    0xff, 0xff, 0xff, 0xa8, 0x0, 0x0, 0xd4, 0xff,
    0xff, 0xff, 0xff, 0xff, 0xff, 0xff, 0xff, 0xff,
    0xff, 0xff, 0xa8, 0x0, 0x0, 0xd4, 0xff, 0xff,
    0xfc, 0xd8, 0xd8, 0xd8, 0xd8, 0xd8, 0xd8, 0xd8,
    0xd8, 0x8e, 0x0, 0x0, 0xd4, 0xff, 0xff, 0xd8,
    0x0, 0x0, 0x0, 0x0, 0x0, 0x0, 0x0, 0x0,
    0x0, 0x0, 0x0, 0xd4, 0xff, 0xff, 0xd8, 0x0,
    0x0, 0x0, 0x0, 0x0, 0x0, 0x0, 0x0, 0x0,
    0x0, 0x0, 0xd4, 0xff, 0xff, 0xd8, 0x0, 0x0,
    0x0, 0x0, 0x0, 0x0, 0x0, 0x0, 0x0, 0x0,
    0x0, 0xd4, 0xff, 0xff, 0xd8, 0x0, 0x0, 0x0,
    0x0, 0x0, 0x0, 0x0, 0x0, 0x0, 0x0, 0x0,
    0xd4, 0xff, 0xff, 0xd8, 0x0, 0x0, 0x0, 0x0,
    0x0, 0x0, 0x0, 0x0, 0x0, 0x0, 0x0, 0xd4,
    0xff, 0xff, 0xd8, 0x0, 0x0, 0x0, 0x0, 0x0,
    0x0, 0x0, 0x0, 0x0, 0x0, 0x0, 0xd4, 0xff,
    0xff, 0xff, 0xe4, 0xe4, 0xe4, 0xe4, 0xe4, 0xe4,
    0xe4, 0xe4, 0xe4, 0xe4, 0x1d, 0xd4, 0xff, 0xff,
    0xff, 0xff, 0xff, 0xff, 0xff, 0xff, 0xff, 0xff,
    0xff, 0xff, 0xff, 0x20, 0xd4, 0xff, 0xff, 0xff,
    0xff, 0xff, 0xff, 0xff, 0xff, 0xff, 0xff, 0xff,
    0xff, 0xff, 0x20,

    /* U+0046 "F" */
    0xd4, 0xff, 0xff, 0xff, 0xff, 0xff, 0xff, 0xff,
    0xff, 0xff, 0xff, 0xff, 0xff, 0xc4, 0xd4, 0xff,
    0xff, 0xff, 0xff, 0xff, 0xff, 0xff, 0xff, 0xff,
    0xff, 0xff, 0xff, 0xc4, 0xd4, 0xff, 0xff, 0xff,
    0xe8, 0xe8, 0xe8, 0xe8, 0xe8, 0xe8, 0xe8, 0xe8,
    0xe8, 0xb2, 0xd4, 0xff, 0xff, 0xd8, 0x0, 0x0,
    0x0, 0x0, 0x0, 0x0, 0x0, 0x0, 0x0, 0x0,
    0xd4, 0xff, 0xff, 0xd8, 0x0, 0x0, 0x0, 0x0,
    0x0, 0x0, 0x0, 0x0, 0x0, 0x0, 0xd4, 0xff,
    0xff, 0xd8, 0x0, 0x0, 0x0, 0x0, 0x0, 0x0,
    0x0, 0x0, 0x0, 0x0, 0xd4, 0xff, 0xff, 0xd8,
    0x0, 0x0, 0x0, 0x0, 0x0, 0x0, 0x0, 0x0,
    0x0, 0x0, 0xd4, 0xff, 0xff, 0xd8, 0x0, 0x0,
    0x0, 0x0, 0x0, 0x0, 0x0, 0x0, 0x0, 0x0,
    0xd4, 0xff, 0xff, 0xd8, 0x0, 0x0, 0x0, 0x0,
    0x0, 0x0, 0x0, 0x0, 0x0, 0x0, 0xd4, 0xff,
    0xff, 0xff, 0xe4, 0xe4, 0xe4, 0xe4, 0xe4, 0xe4,
    0xe4, 0xe4, 0x7d, 0x0, 0xd4, 0xff, 0xff, 0xff,
    0xff, 0xff, 0xff, 0xff, 0xff, 0xff, 0xff, 0xff,
    0x8c, 0x0, 0xd4, 0xff, 0xff, 0xff, 0xff, 0xff,
    0xff, 0xff, 0xff, 0xff, 0xff, 0xff, 0x8c, 0x0,
    0xd4, 0xff, 0xff, 0xd8, 0x0, 0x0, 0x0, 0x0,
    0x0, 0x0, 0x0, 0x0, 0x0, 0x0, 0xd4, 0xff,
    0xff, 0xd8, 0x0, 0x0, 0x0, 0x0, 0x0, 0x0,
    0x0, 0x0, 0x0, 0x0, 0xd4, 0xff, 0xff, 0xd8,
    0x0, 0x0, 0x0, 0x0, 0x0, 0x0, 0x0, 0x0,
    0x0, 0x0, 0xd4, 0xff, 0xff, 0xd8, 0x0, 0x0,
    0x0, 0x0, 0x0, 0x0, 0x0, 0x0, 0x0, 0x0,
    0xd4, 0xff, 0xff, 0xd8, 0x0, 0x0, 0x0, 0x0,
    0x0, 0x0, 0x0, 0x0, 0x0, 0x0, 0xd4, 0xff,
    0xff, 0xd8, 0x0, 0x0, 0x0, 0x0, 0x0, 0x0,
    0x0, 0x0, 0x0, 0x0, 0xd4, 0xff, 0xff, 0xd8,
    0x0, 0x0, 0x0, 0x0, 0x0, 0x0, 0x0, 0x0,
    0x0, 0x0, 0xd4, 0xff, 0xff, 0xd8, 0x0, 0x0,
    0x0, 0x0, 0x0, 0x0, 0x0, 0x0, 0x0, 0x0,
    0xd4, 0xff, 0xff, 0xd8, 0x0, 0x0, 0x0, 0x0,
    0x0, 0x0, 0x0, 0x0, 0x0, 0x0,

    /* U+0047 "G" */
    0x0, 0x0, 0x0, 0x0, 0x0, 0x40, 0x9b, 0xd6,
    0xf5, 0xfd, 0xf1, 0xd3, 0x9b, 0x3f, 0x0, 0x0,
    0x0, 0x0, 0x0, 0x0, 0x0, 0x19, 0xba, 0xff,
    0xff, 0xff, 0xff, 0xff, 0xff, 0xff, 0xff, 0xff,
    0xb4, 0x14, 0x0, 0x0, 0x0, 0x0, 0x1d, 0xe0,
    0xff, 0xff, 0xff, 0xff, 0xf7, 0xe7, 0xf7, 0xff,
    0xff, 0xff, 0xff, 0xd3, 0xd, 0x0, 0x0, 0x2,
    0xc5, 0xff, 0xff, 0xff, 0xc3, 0x3b, 0x2, 0x0,
    0x2, 0x3c, 0xc7, 0xff, 0xff, 0xff, 0x94, 0x0,
    0x0, 0x5b, 0xff, 0xff, 0xff, 0xbc, 0x5, 0x0,
    0x0, 0x0, 0x0, 0x0, 0x8, 0xd0, 0xff, 0xff,
    0xf8, 0x14, 0x0, 0xc3, 0xff, 0xff, 0xfc, 0x22,
    0x0, 0x0, 0x0, 0x0, 0x0, 0x0, 0x0, 0x52,
    0xff, 0xff, 0xff, 0x5b, 0x12, 0xfe, 0xff, 0xff,
    0xba, 0x0, 0x0, 0x0, 0x0, 0x0, 0x0, 0x0,
    0x0, 0xc, 0x70, 0x70, 0x70, 0x38, 0x42, 0xff,
    0xff, 0xff, 0x7b, 0x0, 0x0, 0x0, 0x0, 0x0,
    0x0, 0x0, 0x0, 0x0, 0x0, 0x0, 0x0, 0x0,
    0x61, 0xff, 0xff, 0xff, 0x57, 0x0, 0x0, 0x0,
    0x0, 0x0, 0x0, 0x0, 0x0, 0x0, 0x0, 0x0,
    0x0, 0x0, 0x6e, 0xff, 0xff, 0xff, 0x4a, 0x0,
    0x0, 0x0, 0x0, 0x0, 0x0, 0x0, 0x0, 0x0,
    0x0, 0x0, 0x0, 0x0, 0x70, 0xff, 0xff, 0xff,
    0x48, 0x0, 0x0, 0x0, 0x0, 0x90, 0xff, 0xff,
    0xff, 0xff, 0xff, 0xff, 0xff, 0x8c, 0x6d, 0xff,
    0xff, 0xff, 0x4a, 0x0, 0x0, 0x0, 0x0, 0x90,
    0xff, 0xff, 0xff, 0xff, 0xff, 0xff, 0xff, 0x8c,
    0x5f, 0xff, 0xff, 0xff, 0x5a, 0x0, 0x0, 0x0,
    0x0, 0x65, 0xb4, 0xb4, 0xb4, 0xbc, 0xff, 0xff,
    0xff, 0x8c, 0x3f, 0xff, 0xff, 0xff, 0x83, 0x0,
    0x0, 0x0, 0x0, 0x0, 0x0, 0x0, 0x0, 0x1c,
    0xff, 0xff, 0xff, 0x8c, 0xd, 0xfa, 0xff, 0xff,
    0xc9, 0x0, 0x0, 0x0, 0x0, 0x0, 0x0, 0x0,
    0x0, 0x1c, 0xff, 0xff, 0xff, 0x8c, 0x0, 0xb5,
    0xff, 0xff, 0xff, 0x39, 0x0, 0x0, 0x0, 0x0,
    0x0, 0x0, 0x0, 0x1c, 0xff, 0xff, 0xff, 0x8c,
    0x0, 0x42, 0xff, 0xff, 0xff, 0xda, 0x15, 0x0,
    0x0, 0x0, 0x0, 0x0, 0x0, 0x1f, 0xff, 0xff,
    0xff, 0x8c, 0x0, 0x0, 0xa6, 0xff, 0xff, 0xff,
    0xe0, 0x59, 0xa, 0x0, 0x0, 0x9, 0x4c, 0xcf,
    0xff, 0xff, 0xff, 0x8c, 0x0, 0x0, 0xc, 0xc5,
    0xff, 0xff, 0xff, 0xff, 0xfd, 0xe7, 0xea, 0xfe,
    0xff, 0xff, 0xff, 0xff, 0xe5, 0x29, 0x0, 0x0,
    0x0, 0x9, 0x94, 0xfd, 0xff, 0xff, 0xff, 0xff,
    0xff, 0xff, 0xff, 0xff, 0xff, 0xac, 0x18, 0x0,
    0x0, 0x0, 0x0, 0x0, 0x0, 0x24, 0x85, 0xc9,
    0xef, 0xfe, 0xf9, 0xe7, 0xc2, 0x83, 0x2a, 0x0,
    0x0, 0x0,

    /* U+0048 "H" */
    0xd4, 0xff, 0xff, 0xd8, 0x0, 0x0, 0x0, 0x0,
    0x0, 0x0, 0x0, 0x0, 0x0, 0x94, 0xff, 0xff,
    0xff, 0x18, 0xd4, 0xff, 0xff, 0xd8, 0x0, 0x0,
    0x0, 0x0, 0x0, 0x0, 0x0, 0x0, 0x0, 0x94,
    0xff, 0xff, 0xff, 0x18, 0xd4, 0xff, 0xff, 0xd8,
    0x0, 0x0, 0x0, 0x0, 0x0, 0x0, 0x0, 0x0,
    0x0, 0x94, 0xff, 0xff, 0xff, 0x18, 0xd4, 0xff,
    0xff, 0xd8, 0x0, 0x0, 0x0, 0x0, 0x0, 0x0,
    0x0, 0x0, 0x0, 0x94, 0xff, 0xff, 0xff, 0x18,
    0xd4, 0xff, 0xff, 0xd8, 0x0, 0x0, 0x0, 0x0,
    0x0, 0x0, 0x0, 0x0, 0x0, 0x94, 0xff, 0xff,
    0xff, 0x18, 0xd4, 0xff, 0xff, 0xd8, 0x0, 0x0,
    0x0, 0x0, 0x0, 0x0, 0x0, 0x0, 0x0, 0x94,
    0xff, 0xff, 0xff, 0x18, 0xd4, 0xff, 0xff, 0xd8,
    0x0, 0x0, 0x0, 0x0, 0x0, 0x0, 0x0, 0x0,
    0x0, 0x94, 0xff, 0xff, 0xff, 0x18, 0xd4, 0xff,
    0xff, 0xd8, 0x0, 0x0, 0x0, 0x0, 0x0, 0x0,
    0x0, 0x0, 0x0, 0x94, 0xff, 0xff, 0xff, 0x18,
    0xd4, 0xff, 0xff, 0xd8, 0x0, 0x0, 0x0, 0x0,
    0x0, 0x0, 0x0, 0x0, 0x0, 0x94, 0xff, 0xff,
    0xff, 0x18, 0xd4, 0xff, 0xff, 0xff, 0xff, 0xff,
    0xff, 0xff, 0xff, 0xff, 0xff, 0xff, 0xff, 0xff,
    0xff, 0xff, 0xff, 0x18, 0xd4, 0xff, 0xff, 0xff,
    0xff, 0xff, 0xff, 0xff, 0xff, 0xff, 0xff, 0xff,
    0xff, 0xff, 0xff, 0xff, 0xff, 0x18, 0xd4, 0xff,
    0xff, 0xff, 0xe4, 0xe4, 0xe4, 0xe4, 0xe4, 0xe4,
    0xe4, 0xe4, 0xe4, 0xf7, 0xff, 0xff, 0xff, 0x18,
    0xd4, 0xff, 0xff, 0xd8, 0x0, 0x0, 0x0, 0x0,
    0x0, 0x0, 0x0, 0x0, 0x0, 0x94, 0xff, 0xff,
    0xff, 0x18, 0xd4, 0xff, 0xff, 0xd8, 0x0, 0x0,
    0x0, 0x0, 0x0, 0x0, 0x0, 0x0, 0x0, 0x94,
    0xff, 0xff, 0xff, 0x18, 0xd4, 0xff, 0xff, 0xd8,
    0x0, 0x0, 0x0, 0x0, 0x0, 0x0, 0x0, 0x0,
    0x0, 0x94, 0xff, 0xff, 0xff, 0x18, 0xd4, 0xff,
    0xff, 0xd8, 0x0, 0x0, 0x0, 0x0, 0x0, 0x0,
    0x0, 0x0, 0x0, 0x94, 0xff, 0xff, 0xff, 0x18,
    0xd4, 0xff, 0xff, 0xd8, 0x0, 0x0, 0x0, 0x0,
    0x0, 0x0, 0x0, 0x0, 0x0, 0x94, 0xff, 0xff,
    0xff, 0x18, 0xd4, 0xff, 0xff, 0xd8, 0x0, 0x0,
    0x0, 0x0, 0x0, 0x0, 0x0, 0x0, 0x0, 0x94,
    0xff, 0xff, 0xff, 0x18, 0xd4, 0xff, 0xff, 0xd8,
    0x0, 0x0, 0x0, 0x0, 0x0, 0x0, 0x0, 0x0,
    0x0, 0x94, 0xff, 0xff, 0xff, 0x18, 0xd4, 0xff,
    0xff, 0xd8, 0x0, 0x0, 0x0, 0x0, 0x0, 0x0,
    0x0, 0x0, 0x0, 0x94, 0xff, 0xff, 0xff, 0x18,
    0xd4, 0xff, 0xff, 0xd8, 0x0, 0x0, 0x0, 0x0,
    0x0, 0x0, 0x0, 0x0, 0x0, 0x94, 0xff, 0xff,
    0xff, 0x18,

    /* U+0049 "I" */
    0x94, 0xff, 0xff, 0xff, 0x18, 0x94, 0xff, 0xff,
    0xff, 0x18, 0x94, 0xff, 0xff, 0xff, 0x18, 0x94,
    0xff, 0xff, 0xff, 0x18, 0x94, 0xff, 0xff, 0xff,
    0x18, 0x94, 0xff, 0xff, 0xff, 0x18, 0x94, 0xff,
    0xff, 0xff, 0x18, 0x94, 0xff, 0xff, 0xff, 0x18,
    0x94, 0xff, 0xff, 0xff, 0x18, 0x94, 0xff, 0xff,
    0xff, 0x18, 0x94, 0xff, 0xff, 0xff, 0x18, 0x94,
    0xff, 0xff, 0xff, 0x18, 0x94, 0xff, 0xff, 0xff,
    0x18, 0x94, 0xff, 0xff, 0xff, 0x18, 0x94, 0xff,
    0xff, 0xff, 0x18, 0x94, 0xff, 0xff, 0xff, 0x18,
    0x94, 0xff, 0xff, 0xff, 0x18, 0x94, 0xff, 0xff,
    0xff, 0x18, 0x94, 0xff, 0xff, 0xff, 0x18, 0x94,
    0xff, 0xff, 0xff, 0x18, 0x94, 0xff, 0xff, 0xff,
    0x18,

    /* U+004A "J" */
    0x0, 0x0, 0x0, 0x0, 0x0, 0x0, 0x0, 0x0,
    0x0, 0x0, 0x10, 0xff, 0xff, 0xff, 0x9c, 0x0,
    0x0, 0x0, 0x0, 0x0, 0x0, 0x0, 0x0, 0x0,
    0x0, 0x10, 0xff, 0xff, 0xff, 0x9c, 0x0, 0x0,
    0x0, 0x0, 0x0, 0x0, 0x0, 0x0, 0x0, 0x0,
    0x10, 0xff, 0xff, 0xff, 0x9c, 0x0, 0x0, 0x0,
    0x0, 0x0, 0x0, 0x0, 0x0, 0x0, 0x0, 0x10,
    0xff, 0xff, 0xff, 0x9c, 0x0, 0x0, 0x0, 0x0,
    0x0, 0x0, 0x0, 0x0, 0x0, 0x0, 0x10, 0xff,
    0xff, 0xff, 0x9c, 0x0, 0x0, 0x0, 0x0, 0x0,
    0x0, 0x0, 0x0, 0x0, 0x0, 0x10, 0xff, 0xff,
    0xff, 0x9c, 0x0, 0x0, 0x0, 0x0, 0x0, 0x0,
    0x0, 0x0, 0x0, 0x0, 0x10, 0xff, 0xff, 0xff,
    0x9c, 0x0, 0x0, 0x0, 0x0, 0x0, 0x0, 0x0,
    0x0, 0x0, 0x0, 0x10, 0xff, 0xff, 0xff, 0x9c,
    0x0, 0x0, 0x0, 0x0, 0x0, 0x0, 0x0, 0x0,
    0x0, 0x0, 0x10, 0xff, 0xff, 0xff, 0x9c, 0x0,
    0x0, 0x0, 0x0, 0x0, 0x0, 0x0, 0x0, 0x0,
    0x0, 0x10, 0xff, 0xff, 0xff, 0x9c, 0x0, 0x0,
    0x0, 0x0, 0x0, 0x0, 0x0, 0x0, 0x0, 0x0,
    0x10, 0xff, 0xff, 0xff, 0x9c, 0x0, 0x0, 0x0,
    0x0, 0x0, 0x0, 0x0, 0x0, 0x0, 0x0, 0x10,
    0xff, 0xff, 0xff, 0x9c, 0x0, 0x0, 0x0, 0x0,
    0x0, 0x0, 0x0, 0x0, 0x0, 0x0, 0x10, 0xff,
    0xff, 0xff, 0x9c, 0x0, 0x0, 0x0, 0x0, 0x0,
    0x0, 0x0, 0x0, 0x0, 0x0, 0x10, 0xff, 0xff,
    0xff, 0x9c, 0x16, 0x48, 0x48, 0x48, 0x1b, 0x0,
    0x0, 0x0, 0x0, 0x0, 0x12, 0xff, 0xff, 0xff,
    0x9b, 0x45, 0xff, 0xff, 0xff, 0x6f, 0x0, 0x0,
    0x0, 0x0, 0x0, 0x2d, 0xff, 0xff, 0xff, 0x8a,
    0x1d, 0xff, 0xff, 0xff, 0xb7, 0x0, 0x0, 0x0,
    0x0, 0x0, 0x8a, 0xff, 0xff, 0xff, 0x57, 0x0,
    0xcb, 0xff, 0xff, 0xff, 0x83, 0xf, 0x0, 0x7,
    0x6f, 0xfc, 0xff, 0xff, 0xea, 0xb, 0x0, 0x3e,
    0xfc, 0xff, 0xff, 0xff, 0xfd, 0xe8, 0xf9, 0xff,
    0xff, 0xff, 0xff, 0x53, 0x0, 0x0, 0x0, 0x52,
    0xf2, 0xff, 0xff, 0xff, 0xff, 0xff, 0xff, 0xff,
    0xf5, 0x5f, 0x0, 0x0, 0x0, 0x0, 0x0, 0x16,
    0x7c, 0xc4, 0xef, 0xfd, 0xf4, 0xcd, 0x84, 0x1b,
    0x0, 0x0, 0x0,

    /* U+004B "K" */
    0xd4, 0xff, 0xff, 0xd8, 0x0, 0x0, 0x0, 0x0,
    0x0, 0x0, 0x0, 0x42, 0xfb, 0xff, 0xff, 0xfa,
    0x42, 0x0, 0xd4, 0xff, 0xff, 0xd8, 0x0, 0x0,
    0x0, 0x0, 0x0, 0x0, 0x25, 0xee, 0xff, 0xff,
    0xff, 0x60, 0x0, 0x0, 0xd4, 0xff, 0xff, 0xd8,
    0x0, 0x0, 0x0, 0x0, 0x0, 0x11, 0xd9, 0xff,
    0xff, 0xff, 0x84, 0x0, 0x0, 0x0, 0xd4, 0xff,
    0xff, 0xd8, 0x0, 0x0, 0x0, 0x0, 0x5, 0xbd,
    0xff, 0xff, 0xff, 0xa9, 0x1, 0x0, 0x0, 0x0,
    0xd4, 0xff, 0xff, 0xd8, 0x0, 0x0, 0x0, 0x0,
    0x99, 0xff, 0xff, 0xff, 0xc7, 0x8, 0x0, 0x0,
    0x0, 0x0, 0xd4, 0xff, 0xff, 0xd8, 0x0, 0x0,
    0x0, 0x70, 0xff, 0xff, 0xff, 0xdf, 0x16, 0x0,
    0x0, 0x0, 0x0, 0x0, 0xd4, 0xff, 0xff, 0xd8,
    0x0, 0x0, 0x4b, 0xfd, 0xff, 0xff, 0xf0, 0x2b,
    0x0, 0x0, 0x0, 0x0, 0x0, 0x0, 0xd4, 0xff,
    0xff, 0xd8, 0x0, 0x2b, 0xf3, 0xff, 0xff, 0xfb,
    0x44, 0x0, 0x0, 0x0, 0x0, 0x0, 0x0, 0x0,
    0xd4, 0xff, 0xff, 0xd8, 0x14, 0xdf, 0xff, 0xff,
    0xff, 0x65, 0x0, 0x0, 0x0, 0x0, 0x0, 0x0,
    0x0, 0x0, 0xd4, 0xff, 0xff, 0xdd, 0xc1, 0xff,
    0xff, 0xff, 0xe7, 0xa, 0x0, 0x0, 0x0, 0x0,
    0x0, 0x0, 0x0, 0x0, 0xd4, 0xff, 0xff, 0xff,
    0xff, 0xff, 0xff, 0xff, 0xff, 0x97, 0x0, 0x0,
    0x0, 0x0, 0x0, 0x0, 0x0, 0x0, 0xd4, 0xff,
    0xff, 0xff, 0xff, 0xff, 0xff, 0xff, 0xff, 0xff,
    0x4e, 0x0, 0x0, 0x0, 0x0, 0x0, 0x0, 0x0,
    0xd4, 0xff, 0xff, 0xff, 0xff, 0xb5, 0x51, 0xff,
    0xff, 0xff, 0xeb, 0x19, 0x0, 0x0, 0x0, 0x0,
    0x0, 0x0, 0xd4, 0xff, 0xff, 0xff, 0xbd, 0x8,
    0x0, 0x95, 0xff, 0xff, 0xff, 0xb8, 0x1, 0x0,
    0x0, 0x0, 0x0, 0x0, 0xd4, 0xff, 0xff, 0xed,
    0xb, 0x0, 0x0, 0xa, 0xd7, 0xff, 0xff, 0xff,
    0x71, 0x0, 0x0, 0x0, 0x0, 0x0, 0xd4, 0xff,
    0xff, 0xd8, 0x0, 0x0, 0x0, 0x0, 0x32, 0xfa,
    0xff, 0xff, 0xf9, 0x2e, 0x0, 0x0, 0x0, 0x0,
    0xd4, 0xff, 0xff, 0xd8, 0x0, 0x0, 0x0, 0x0,
    0x0, 0x78, 0xff, 0xff, 0xff, 0xd5, 0x9, 0x0,
    0x0, 0x0, 0xd4, 0xff, 0xff, 0xd8, 0x0, 0x0,
    0x0, 0x0, 0x0, 0x2, 0xc1, 0xff, 0xff, 0xff,
    0x94, 0x0, 0x0, 0x0, 0xd4, 0xff, 0xff, 0xd8,
    0x0, 0x0, 0x0, 0x0, 0x0, 0x0, 0x1f, 0xf1,
    0xff, 0xff, 0xff, 0x4c, 0x0, 0x0, 0xd4, 0xff,
    0xff, 0xd8, 0x0, 0x0, 0x0, 0x0, 0x0, 0x0,
    0x0, 0x5b, 0xff, 0xff, 0xff, 0xea, 0x17, 0x0,
    0xd4, 0xff, 0xff, 0xd8, 0x0, 0x0, 0x0, 0x0,
    0x0, 0x0, 0x0, 0x0, 0xa7, 0xff, 0xff, 0xff,
    0xb7, 0x1,

    /* U+004C "L" */
    0xd4, 0xff, 0xff, 0xd8, 0x0, 0x0, 0x0, 0x0,
    0x0, 0x0, 0x0, 0x0, 0x0, 0x0, 0xd4, 0xff,
    0xff, 0xd8, 0x0, 0x0, 0x0, 0x0, 0x0, 0x0,
    0x0, 0x0, 0x0, 0x0, 0xd4, 0xff, 0xff, 0xd8,
    0x0, 0x0, 0x0, 0x0, 0x0, 0x0, 0x0, 0x0,
    0x0, 0x0, 0xd4, 0xff, 0xff, 0xd8, 0x0, 0x0,
    0x0, 0x0, 0x0, 0x0, 0x0, 0x0, 0x0, 0x0,
    0xd4, 0xff, 0xff, 0xd8, 0x0, 0x0, 0x0, 0x0,
    0x0, 0x0, 0x0, 0x0, 0x0, 0x0, 0xd4, 0xff,
    0xff, 0xd8, 0x0, 0x0, 0x0, 0x0, 0x0, 0x0,
    0x0, 0x0, 0x0, 0x0, 0xd4, 0xff, 0xff, 0xd8,
    0x0, 0x0, 0x0, 0x0, 0x0, 0x0, 0x0, 0x0,
    0x0, 0x0, 0xd4, 0xff, 0xff, 0xd8, 0x0, 0x0,
    0x0, 0x0, 0x0, 0x0, 0x0, 0x0, 0x0, 0x0,
    0xd4, 0xff, 0xff, 0xd8, 0x0, 0x0, 0x0, 0x0,
    0x0, 0x0, 0x0, 0x0, 0x0, 0x0, 0xd4, 0xff,
    0xff, 0xd8, 0x0, 0x0, 0x0, 0x0, 0x0, 0x0,
    0x0, 0x0, 0x0, 0x0, 0xd4, 0xff, 0xff, 0xd8,
    0x0, 0x0, 0x0, 0x0, 0x0, 0x0, 0x0, 0x0,
    0x0, 0x0, 0xd4, 0xff, 0xff, 0xd8, 0x0, 0x0,
    0x0, 0x0, 0x0, 0x0, 0x0, 0x0, 0x0, 0x0,
    0xd4, 0xff, 0xff, 0xd8, 0x0, 0x0, 0x0, 0x0,
    0x0, 0x0, 0x0, 0x0, 0x0, 0x0, 0xd4, 0xff,
    0xff, 0xd8, 0x0, 0x0, 0x0, 0x0, 0x0, 0x0,
    0x0, 0x0, 0x0, 0x0, 0xd4, 0xff, 0xff, 0xd8,
    0x0, 0x0, 0x0, 0x0, 0x0, 0x0, 0x0, 0x0,
    0x0, 0x0, 0xd4, 0xff, 0xff, 0xd8, 0x0, 0x0,
    0x0, 0x0, 0x0, 0x0, 0x0, 0x0, 0x0, 0x0,
    0xd4, 0xff, 0xff, 0xd8, 0x0, 0x0, 0x0, 0x0,
    0x0, 0x0, 0x0, 0x0, 0x0, 0x0, 0xd4, 0xff,
    0xff, 0xd8, 0x0, 0x0, 0x0, 0x0, 0x0, 0x0,
    0x0, 0x0, 0x0, 0x0, 0xd4, 0xff, 0xff, 0xff,
    0xe4, 0xe4, 0xe4, 0xe4, 0xe4, 0xe4, 0xe4, 0xe4,
    0xe4, 0x79, 0xd4, 0xff, 0xff, 0xff, 0xff, 0xff,
    0xff, 0xff, 0xff, 0xff, 0xff, 0xff, 0xff, 0x88,
    0xd4, 0xff, 0xff, 0xff, 0xff, 0xff, 0xff, 0xff,
    0xff, 0xff, 0xff, 0xff, 0xff, 0x88,

    /* U+004D "M" */
    0xd4, 0xff, 0xff, 0xff, 0xff, 0x22, 0x0, 0x0,
    0x0, 0x0, 0x0, 0x0, 0x0, 0x0, 0x0, 0x0,
    0x4, 0xe8, 0xff, 0xff, 0xff, 0xff, 0xc, 0xd4,
    0xff, 0xff, 0xff, 0xff, 0x82, 0x0, 0x0, 0x0,
    0x0, 0x0, 0x0, 0x0, 0x0, 0x0, 0x0, 0x4e,
    0xff, 0xff, 0xff, 0xff, 0xff, 0xc, 0xd4, 0xff,
    0xff, 0xff, 0xff, 0xe2, 0x2, 0x0, 0x0, 0x0,
    0x0, 0x0, 0x0, 0x0, 0x0, 0x0, 0xb0, 0xff,
    0xff, 0xff, 0xff, 0xff, 0xc, 0xd4, 0xff, 0xff,
    0xff, 0xff, 0xff, 0x44, 0x0, 0x0, 0x0, 0x0,
    0x0, 0x0, 0x0, 0x0, 0x15, 0xfb, 0xff, 0xff,
    0xff, 0xff, 0xff, 0xc, 0xd4, 0xff, 0xff, 0xfb,
    0xff, 0xff, 0xa7, 0x0, 0x0, 0x0, 0x0, 0x0,
    0x0, 0x0, 0x0, 0x72, 0xff, 0xff, 0xfb, 0xff,
    0xff, 0xff, 0xc, 0xd4, 0xff, 0xff, 0xb5, 0xff,
    0xff, 0xf8, 0x10, 0x0, 0x0, 0x0, 0x0, 0x0,
    0x0, 0x0, 0xd4, 0xff, 0xff, 0xb6, 0xff, 0xff,
    0xff, 0xc, 0xd4, 0xff, 0xff, 0x89, 0xd3, 0xff,
    0xff, 0x6a, 0x0, 0x0, 0x0, 0x0, 0x0, 0x0,
    0x34, 0xff, 0xff, 0xf6, 0x65, 0xff, 0xff, 0xff,
    0xc, 0xd4, 0xff, 0xff, 0x93, 0x70, 0xff, 0xff,
    0xcc, 0x0, 0x0, 0x0, 0x0, 0x0, 0x0, 0x94,
    0xff, 0xff, 0xa4, 0x5f, 0xff, 0xff, 0xff, 0xc,
    0xd4, 0xff, 0xff, 0x9d, 0x13, 0xf9, 0xff, 0xff,
    0x2c, 0x0, 0x0, 0x0, 0x0, 0x8, 0xf0, 0xff,
    0xff, 0x40, 0x69, 0xff, 0xff, 0xff, 0xc, 0xd4,
    0xff, 0xff, 0xa7, 0x0, 0xa9, 0xff, 0xff, 0x8e,
    0x0, 0x0, 0x0, 0x0, 0x58, 0xff, 0xff, 0xdc,
    0x1, 0x73, 0xff, 0xff, 0xff, 0xc, 0xd4, 0xff,
    0xff, 0xb1, 0x0, 0x46, 0xff, 0xff, 0xeb, 0x5,
    0x0, 0x0, 0x0, 0xb9, 0xff, 0xff, 0x7a, 0x0,
    0x7d, 0xff, 0xff, 0xff, 0xc, 0xd4, 0xff, 0xff,
    0xbb, 0x0, 0x2, 0xe2, 0xff, 0xff, 0x51, 0x0,
    0x0, 0x1e, 0xfd, 0xff, 0xfc, 0x1b, 0x0, 0x87,
    0xff, 0xff, 0xff, 0xc, 0xd4, 0xff, 0xff, 0xc5,
    0x0, 0x0, 0x80, 0xff, 0xff, 0xb4, 0x0, 0x0,
    0x7c, 0xff, 0xff, 0xb4, 0x0, 0x0, 0x91, 0xff,
    0xff, 0xff, 0xc, 0xd4, 0xff, 0xff, 0xcf, 0x0,
    0x0, 0x1e, 0xfe, 0xff, 0xfc, 0x18, 0x1, 0xdb,
    0xff, 0xff, 0x50, 0x0, 0x0, 0x9b, 0xff, 0xff,
    0xff, 0xc, 0xd4, 0xff, 0xff, 0xd4, 0x0, 0x0,
    0x0, 0xba, 0xff, 0xff, 0x75, 0x40, 0xff, 0xff,
    0xe8, 0x5, 0x0, 0x0, 0xa0, 0xff, 0xff, 0xff,
    0xc, 0xd4, 0xff, 0xff, 0xd4, 0x0, 0x0, 0x0,
    0x55, 0xff, 0xff, 0xd8, 0xa1, 0xff, 0xff, 0x8a,
    0x0, 0x0, 0x0, 0xa0, 0xff, 0xff, 0xff, 0xc,
    0xd4, 0xff, 0xff, 0xd4, 0x0, 0x0, 0x0, 0x7,
    0xec, 0xff, 0xff, 0xfc, 0xff, 0xff, 0x28, 0x0,
    0x0, 0x0, 0xa0, 0xff, 0xff, 0xff, 0xc, 0xd4,
    0xff, 0xff, 0xd4, 0x0, 0x0, 0x0, 0x0, 0x90,
    0xff, 0xff, 0xff, 0xff, 0xc4, 0x0, 0x0, 0x0,
    0x0, 0xa0, 0xff, 0xff, 0xff, 0xc, 0xd4, 0xff,
    0xff, 0xd4, 0x0, 0x0, 0x0, 0x0, 0x2c, 0xff,
    0xff, 0xff, 0xff, 0x60, 0x0, 0x0, 0x0, 0x0,
    0xa0, 0xff, 0xff, 0xff, 0xc, 0xd4, 0xff, 0xff,
    0xd4, 0x0, 0x0, 0x0, 0x0, 0x0, 0xc9, 0xff,
    0xff, 0xf2, 0xa, 0x0, 0x0, 0x0, 0x0, 0xa0,
    0xff, 0xff, 0xff, 0xc, 0xd4, 0xff, 0xff, 0xd4,
    0x0, 0x0, 0x0, 0x0, 0x0, 0x66, 0xff, 0xff,
    0x99, 0x0, 0x0, 0x0, 0x0, 0x0, 0xa0, 0xff,
    0xff, 0xff, 0xc,

    /* U+004E "N" */
    0xd4, 0xff, 0xff, 0xfb, 0x2e, 0x0, 0x0, 0x0,
    0x0, 0x0, 0x0, 0x0, 0x0, 0x90, 0xff, 0xff,
    0xff, 0x18, 0xd4, 0xff, 0xff, 0xff, 0xca, 0x3,
    0x0, 0x0, 0x0, 0x0, 0x0, 0x0, 0x0, 0x90,
    0xff, 0xff, 0xff, 0x18, 0xd4, 0xff, 0xff, 0xff,
    0xff, 0x6f, 0x0, 0x0, 0x0, 0x0, 0x0, 0x0,
    0x0, 0x90, 0xff, 0xff, 0xff, 0x18, 0xd4, 0xff,
    0xff, 0xff, 0xff, 0xf3, 0x1f, 0x0, 0x0, 0x0,
    0x0, 0x0, 0x0, 0x90, 0xff, 0xff, 0xff, 0x18,
    0xd4, 0xff, 0xff, 0xff, 0xff, 0xff, 0xb5, 0x0,
    0x0, 0x0, 0x0, 0x0, 0x0, 0x90, 0xff, 0xff,
    0xff, 0x18, 0xd4, 0xff, 0xff, 0xff, 0xff, 0xff,
    0xff, 0x58, 0x0, 0x0, 0x0, 0x0, 0x0, 0x90,
    0xff, 0xff, 0xff, 0x18, 0xd4, 0xff, 0xff, 0xdb,
    0xcd, 0xff, 0xff, 0xe9, 0x11, 0x0, 0x0, 0x0,
    0x0, 0x90, 0xff, 0xff, 0xff, 0x18, 0xd4, 0xff,
    0xff, 0xd8, 0x30, 0xfc, 0xff, 0xff, 0x9e, 0x0,
    0x0, 0x0, 0x0, 0x90, 0xff, 0xff, 0xff, 0x18,
    0xd4, 0xff, 0xff, 0xd8, 0x0, 0x89, 0xff, 0xff,
    0xff, 0x41, 0x0, 0x0, 0x0, 0x90, 0xff, 0xff,
    0xff, 0x18, 0xd4, 0xff, 0xff, 0xd8, 0x0, 0xa,
    0xde, 0xff, 0xff, 0xdb, 0x8, 0x0, 0x0, 0x90,
    0xff, 0xff, 0xff, 0x18, 0xd4, 0xff, 0xff, 0xd8,
    0x0, 0x0, 0x44, 0xff, 0xff, 0xff, 0x87, 0x0,
    0x0, 0x90, 0xff, 0xff, 0xff, 0x18, 0xd4, 0xff,
    0xff, 0xd8, 0x0, 0x0, 0x0, 0xa1, 0xff, 0xff,
    0xfb, 0x2e, 0x0, 0x90, 0xff, 0xff, 0xff, 0x18,
    0xd4, 0xff, 0xff, 0xd8, 0x0, 0x0, 0x0, 0x14,
    0xec, 0xff, 0xff, 0xc9, 0x3, 0x90, 0xff, 0xff,
    0xff, 0x18, 0xd4, 0xff, 0xff, 0xd8, 0x0, 0x0,
    0x0, 0x0, 0x5c, 0xff, 0xff, 0xff, 0x6f, 0x90,
    0xff, 0xff, 0xff, 0x18, 0xd4, 0xff, 0xff, 0xd8,
    0x0, 0x0, 0x0, 0x0, 0x0, 0xb9, 0xff, 0xff,
    0xf3, 0xaf, 0xff, 0xff, 0xff, 0x18, 0xd4, 0xff,
    0xff, 0xd8, 0x0, 0x0, 0x0, 0x0, 0x0, 0x22,
    0xf5, 0xff, 0xff, 0xff, 0xff, 0xff, 0xff, 0x18,
    0xd4, 0xff, 0xff, 0xd8, 0x0, 0x0, 0x0, 0x0,
    0x0, 0x0, 0x74, 0xff, 0xff, 0xff, 0xff, 0xff,
    0xff, 0x18, 0xd4, 0xff, 0xff, 0xd8, 0x0, 0x0,
    0x0, 0x0, 0x0, 0x0, 0x4, 0xcd, 0xff, 0xff,
    0xff, 0xff, 0xff, 0x18, 0xd4, 0xff, 0xff, 0xd8,
    0x0, 0x0, 0x0, 0x0, 0x0, 0x0, 0x0, 0x33,
    0xfc, 0xff, 0xff, 0xff, 0xff, 0x18, 0xd4, 0xff,
    0xff, 0xd8, 0x0, 0x0, 0x0, 0x0, 0x0, 0x0,
    0x0, 0x0, 0x8c, 0xff, 0xff, 0xff, 0xff, 0x18,
    0xd4, 0xff, 0xff, 0xd8, 0x0, 0x0, 0x0, 0x0,
    0x0, 0x0, 0x0, 0x0, 0xb, 0xde, 0xff, 0xff,
    0xff, 0x18,

    /* U+004F "O" */
    0x0, 0x0, 0x0, 0x0, 0x0, 0x33, 0x94, 0xd5,
    0xf5, 0xfc, 0xed, 0xc3, 0x7a, 0x16, 0x0, 0x0,
    0x0, 0x0, 0x0, 0x0, 0x0, 0x0, 0xe, 0xa7,
    0xff, 0xff, 0xff, 0xff, 0xff, 0xff, 0xff, 0xff,
    0xf5, 0x6d, 0x0, 0x0, 0x0, 0x0, 0x0, 0x0,
    0x12, 0xd2, 0xff, 0xff, 0xff, 0xff, 0xff, 0xff,
    0xff, 0xff, 0xff, 0xff, 0xff, 0x91, 0x0, 0x0,
    0x0, 0x0, 0x0, 0xb4, 0xff, 0xff, 0xff, 0xce,
    0x4e, 0xd, 0x1, 0x1e, 0x72, 0xef, 0xff, 0xff,
    0xff, 0x63, 0x0, 0x0, 0x0, 0x4f, 0xff, 0xff,
    0xff, 0xbe, 0x8, 0x0, 0x0, 0x0, 0x0, 0x0,
    0x28, 0xee, 0xff, 0xff, 0xee, 0xe, 0x0, 0x0,
    0xc2, 0xff, 0xff, 0xf9, 0x1e, 0x0, 0x0, 0x0,
    0x0, 0x0, 0x0, 0x0, 0x67, 0xff, 0xff, 0xff,
    0x6c, 0x0, 0x17, 0xfe, 0xff, 0xff, 0xab, 0x0,
    0x0, 0x0, 0x0, 0x0, 0x0, 0x0, 0x0, 0x8,
    0xf3, 0xff, 0xff, 0xbe, 0x0, 0x4e, 0xff, 0xff,
    0xff, 0x67, 0x0, 0x0, 0x0, 0x0, 0x0, 0x0,
    0x0, 0x0, 0x0, 0xb8, 0xff, 0xff, 0xf4, 0x2,
    0x71, 0xff, 0xff, 0xff, 0x40, 0x0, 0x0, 0x0,
    0x0, 0x0, 0x0, 0x0, 0x0, 0x0, 0x93, 0xff,
    0xff, 0xff, 0x19, 0x80, 0xff, 0xff, 0xff, 0x2e,
    0x0, 0x0, 0x0, 0x0, 0x0, 0x0, 0x0, 0x0,
    0x0, 0x83, 0xff, 0xff, 0xff, 0x28, 0x84, 0xff,
    0xff, 0xff, 0x2c, 0x0, 0x0, 0x0, 0x0, 0x0,
    0x0, 0x0, 0x0, 0x0, 0x80, 0xff, 0xff, 0xff,
    0x2c, 0x80, 0xff, 0xff, 0xff, 0x2f, 0x0, 0x0,
    0x0, 0x0, 0x0, 0x0, 0x0, 0x0, 0x0, 0x83,
    0xff, 0xff, 0xff, 0x28, 0x70, 0xff, 0xff, 0xff,
    0x41, 0x0, 0x0, 0x0, 0x0, 0x0, 0x0, 0x0,
    0x0, 0x0, 0x94, 0xff, 0xff, 0xff, 0x19, 0x4e,
    0xff, 0xff, 0xff, 0x67, 0x0, 0x0, 0x0, 0x0,
    0x0, 0x0, 0x0, 0x0, 0x0, 0xbb, 0xff, 0xff,
    0xf4, 0x2, 0x17, 0xfe, 0xff, 0xff, 0xab, 0x0,
    0x0, 0x0, 0x0, 0x0, 0x0, 0x0, 0x0, 0xa,
    0xf5, 0xff, 0xff, 0xbf, 0x0, 0x0, 0xbf, 0xff,
    0xff, 0xfa, 0x20, 0x0, 0x0, 0x0, 0x0, 0x0,
    0x0, 0x0, 0x69, 0xff, 0xff, 0xff, 0x6f, 0x0,
    0x0, 0x4c, 0xff, 0xff, 0xff, 0xc2, 0x9, 0x0,
    0x0, 0x0, 0x0, 0x0, 0x27, 0xee, 0xff, 0xff,
    0xef, 0x10, 0x0, 0x0, 0x0, 0xae, 0xff, 0xff,
    0xff, 0xcf, 0x4e, 0xb, 0x0, 0x17, 0x69, 0xed,
    0xff, 0xff, 0xff, 0x65, 0x0, 0x0, 0x0, 0x0,
    0x10, 0xcc, 0xff, 0xff, 0xff, 0xff, 0xff, 0xfc,
    0xff, 0xff, 0xff, 0xff, 0xff, 0x95, 0x0, 0x0,
    0x0, 0x0, 0x0, 0x0, 0xc, 0x9e, 0xff, 0xff,
    0xff, 0xff, 0xff, 0xff, 0xff, 0xff, 0xf6, 0x70,
    0x1, 0x0, 0x0, 0x0, 0x0, 0x0, 0x0, 0x0,
    0x0, 0x2f, 0x91, 0xd1, 0xf5, 0xfd, 0xee, 0xc3,
    0x7b, 0x17, 0x0, 0x0, 0x0, 0x0, 0x0,

    /* U+0050 "P" */
    0xd4, 0xff, 0xff, 0xff, 0xff, 0xff, 0xff, 0xff,
    0xfd, 0xef, 0xc8, 0x88, 0x25, 0x0, 0x0, 0x0,
    0x0, 0xd4, 0xff, 0xff, 0xff, 0xff, 0xff, 0xff,
    0xff, 0xff, 0xff, 0xff, 0xff, 0xfc, 0x89, 0x3,
    0x0, 0x0, 0xd4, 0xff, 0xff, 0xfc, 0xe8, 0xe8,
    0xe8, 0xe8, 0xeb, 0xfe, 0xff, 0xff, 0xff, 0xff,
    0x9d, 0x0, 0x0, 0xd4, 0xff, 0xff, 0xd8, 0x0,
    0x0, 0x0, 0x0, 0x0, 0xc, 0x64, 0xf2, 0xff,
    0xff, 0xff, 0x48, 0x0, 0xd4, 0xff, 0xff, 0xd8,
    0x0, 0x0, 0x0, 0x0, 0x0, 0x0, 0x0, 0x47,
    0xff, 0xff, 0xff, 0xb5, 0x0, 0xd4, 0xff, 0xff,
    0xd8, 0x0, 0x0, 0x0, 0x0, 0x0, 0x0, 0x0,
    0x0, 0xd3, 0xff, 0xff, 0xf0, 0x0, 0xd4, 0xff,
    0xff, 0xd8, 0x0, 0x0, 0x0, 0x0, 0x0, 0x0,
    0x0, 0x0, 0xac, 0xff, 0xff, 0xff, 0x4, 0xd4,
    0xff, 0xff, 0xd8, 0x0, 0x0, 0x0, 0x0, 0x0,
    0x0, 0x0, 0x0, 0xc3, 0xff, 0xff, 0xf6, 0x0,
    0xd4, 0xff, 0xff, 0xd8, 0x0, 0x0, 0x0, 0x0,
    0x0, 0x0, 0x0, 0x2a, 0xfc, 0xff, 0xff, 0xc4,
    0x0, 0xd4, 0xff, 0xff, 0xd8, 0x0, 0x0, 0x0,
    0x0, 0x0, 0x6, 0x4f, 0xe2, 0xff, 0xff, 0xff,
    0x63, 0x0, 0xd4, 0xff, 0xff, 0xff, 0xe4, 0xe4,
    0xe4, 0xe4, 0xe7, 0xfa, 0xff, 0xff, 0xff, 0xff,
    0xbf, 0x3, 0x0, 0xd4, 0xff, 0xff, 0xff, 0xff,
    0xff, 0xff, 0xff, 0xff, 0xff, 0xff, 0xff, 0xff,
    0xa9, 0xd, 0x0, 0x0, 0xd4, 0xff, 0xff, 0xff,
    0xff, 0xff, 0xff, 0xff, 0xfd, 0xf1, 0xce, 0x92,
    0x35, 0x0, 0x0, 0x0, 0x0, 0xd4, 0xff, 0xff,
    0xd8, 0x0, 0x0, 0x0, 0x0, 0x0, 0x0, 0x0,
    0x0, 0x0, 0x0, 0x0, 0x0, 0x0, 0xd4, 0xff,
    0xff, 0xd8, 0x0, 0x0, 0x0, 0x0, 0x0, 0x0,
    0x0, 0x0, 0x0, 0x0, 0x0, 0x0, 0x0, 0xd4,
    0xff, 0xff, 0xd8, 0x0, 0x0, 0x0, 0x0, 0x0,
    0x0, 0x0, 0x0, 0x0, 0x0, 0x0, 0x0, 0x0,
    0xd4, 0xff, 0xff, 0xd8, 0x0, 0x0, 0x0, 0x0,
    0x0, 0x0, 0x0, 0x0, 0x0, 0x0, 0x0, 0x0,
    0x0, 0xd4, 0xff, 0xff, 0xd8, 0x0, 0x0, 0x0,
    0x0, 0x0, 0x0, 0x0, 0x0, 0x0, 0x0, 0x0,
    0x0, 0x0, 0xd4, 0xff, 0xff, 0xd8, 0x0, 0x0,
    0x0, 0x0, 0x0, 0x0, 0x0, 0x0, 0x0, 0x0,
    0x0, 0x0, 0x0, 0xd4, 0xff, 0xff, 0xd8, 0x0,
    0x0, 0x0, 0x0, 0x0, 0x0, 0x0, 0x0, 0x0,
    0x0, 0x0, 0x0, 0x0, 0xd4, 0xff, 0xff, 0xd8,
    0x0, 0x0, 0x0, 0x0, 0x0, 0x0, 0x0, 0x0,
    0x0, 0x0, 0x0, 0x0, 0x0,

    /* U+0051 "Q" */
    0x0, 0x0, 0x0, 0x0, 0x0, 0x3b, 0x9a, 0xd7,
    0xf6, 0xfd, 0xea, 0xbf, 0x73, 0x12, 0x0, 0x0,
    0x0, 0x0, 0x0, 0x0, 0x0, 0x0, 0x15, 0xb1,
    0xff, 0xff, 0xff, 0xff, 0xff, 0xff, 0xff, 0xff,
    0xf1, 0x61, 0x0, 0x0, 0x0, 0x0, 0x0, 0x0,
    0x1a, 0xdc, 0xff, 0xff, 0xff, 0xff, 0xff, 0xfe,
    0xff, 0xff, 0xff, 0xff, 0xff, 0x81, 0x0, 0x0,
    0x0, 0x0, 0x2, 0xc4, 0xff, 0xff, 0xff, 0xc8,
    0x48, 0xb, 0x1, 0x21, 0x7b, 0xf5, 0xff, 0xff,
    0xff, 0x52, 0x0, 0x0, 0x0, 0x61, 0xff, 0xff,
    0xff, 0xb3, 0x5, 0x0, 0x0, 0x0, 0x0, 0x0,
    0x34, 0xf6, 0xff, 0xff, 0xe3, 0x8, 0x0, 0x0,
    0xd3, 0xff, 0xff, 0xf1, 0x14, 0x0, 0x0, 0x0,
    0x0, 0x0, 0x0, 0x0, 0x7c, 0xff, 0xff, 0xff,
    0x5c, 0x0, 0x29, 0xff, 0xff, 0xff, 0x97, 0x0,
    0x0, 0x0, 0x0, 0x0, 0x0, 0x0, 0x0, 0x13,
    0xfc, 0xff, 0xff, 0xae, 0x0, 0x62, 0xff, 0xff,
    0xff, 0x53, 0x0, 0x0, 0x0, 0x0, 0x0, 0x0,
    0x0, 0x0, 0x0, 0xcd, 0xff, 0xff, 0xe6, 0x0,
    0x84, 0xff, 0xff, 0xff, 0x2c, 0x0, 0x0, 0x0,
    0x0, 0x0, 0x0, 0x0, 0x0, 0x0, 0xa7, 0xff,
    0xff, 0xff, 0x9, 0x94, 0xff, 0xff, 0xff, 0x1a,
    0x0, 0x0, 0x0, 0x0, 0x0, 0x0, 0x0, 0x0,
    0x0, 0x97, 0xff, 0xff, 0xff, 0x18, 0x98, 0xff,
    0xff, 0xff, 0x18, 0x0, 0x0, 0x0, 0x0, 0x0,
    0x0, 0x0, 0x0, 0x0, 0x94, 0xff, 0xff, 0xff,
    0x1c, 0x94, 0xff, 0xff, 0xff, 0x1b, 0x0, 0x0,
    0x0, 0x0, 0x0, 0x0, 0x0, 0x0, 0x0, 0x97,
    0xff, 0xff, 0xff, 0x18, 0x84, 0xff, 0xff, 0xff,
    0x2d, 0x0, 0x0, 0x0, 0x0, 0x0, 0x0, 0x0,
    0x0, 0x0, 0xa8, 0xff, 0xff, 0xff, 0x9, 0x62,
    0xff, 0xff, 0xff, 0x53, 0x0, 0x0, 0x0, 0x0,
    0x0, 0x0, 0x0, 0x0, 0x0, 0xcf, 0xff, 0xff,
    0xe7, 0x0, 0x29, 0xff, 0xff, 0xff, 0x97, 0x0,
    0x0, 0x0, 0x0, 0x0, 0x0, 0x0, 0x0, 0x15,
    0xfd, 0xff, 0xff, 0xaf, 0x0, 0x0, 0xd3, 0xff,
    0xff, 0xf2, 0x14, 0x0, 0x0, 0x0, 0x0, 0x0,
    0x0, 0x0, 0x7c, 0xff, 0xff, 0xff, 0x5f, 0x0,
    0x0, 0x5f, 0xff, 0xff, 0xff, 0xb2, 0x5, 0x0,
    0x0, 0x0, 0x0, 0x0, 0x32, 0xf5, 0xff, 0xff,
    0xe7, 0x9, 0x0, 0x0, 0x2, 0xc1, 0xff, 0xff,
    0xff, 0xc6, 0x47, 0xa, 0x0, 0x1a, 0x73, 0xf2,
    0xff, 0xff, 0xff, 0x55, 0x0, 0x0, 0x0, 0x0,
    0x17, 0xd7, 0xff, 0xff, 0xff, 0xff, 0xff, 0xfb,
    0xff, 0xff, 0xff, 0xff, 0xff, 0x82, 0x0, 0x0,
    0x0, 0x0, 0x0, 0x0, 0x12, 0xab, 0xff, 0xff,
    0xff, 0xff, 0xff, 0xff, 0xff, 0xff, 0xff, 0xc2,
    0x2, 0x0, 0x0, 0x0, 0x0, 0x0, 0x0, 0x0,
    0x0, 0x36, 0x98, 0xd5, 0xf6, 0xfd, 0xec, 0xf7,
    0xff, 0xff, 0xff, 0xb7, 0x12, 0x0, 0x0, 0x0,
    0x0, 0x0, 0x0, 0x0, 0x0, 0x0, 0x0, 0x0,
    0x0, 0x0, 0x22, 0xd2, 0xff, 0xff, 0xff, 0xde,
    0x31, 0x0, 0x0, 0x0, 0x0, 0x0, 0x0, 0x0,
    0x0, 0x0, 0x0, 0x0, 0x0, 0x0, 0xa, 0xa4,
    0xff, 0xff, 0xff, 0xbb, 0x1, 0x0, 0x0, 0x0,
    0x0, 0x0, 0x0, 0x0, 0x0, 0x0, 0x0, 0x0,
    0x0, 0x0, 0x0, 0x70, 0xfb, 0xaa, 0x8, 0x0,
    0x0, 0x0, 0x0, 0x0, 0x0, 0x0, 0x0, 0x0,
    0x0, 0x0, 0x0, 0x0, 0x0, 0x0, 0x0, 0x2a,
    0x2, 0x0, 0x0,

    /* U+0052 "R" */
    0xd4, 0xff, 0xff, 0xff, 0xff, 0xff, 0xff, 0xff,
    0xf8, 0xe0, 0xb3, 0x68, 0xc, 0x0, 0x0, 0x0,
    0x0, 0xd4, 0xff, 0xff, 0xff, 0xff, 0xff, 0xff,
    0xff, 0xff, 0xff, 0xff, 0xff, 0xe8, 0x47, 0x0,
    0x0, 0x0, 0xd4, 0xff, 0xff, 0xfc, 0xe8, 0xe8,
    0xe8, 0xe8, 0xf5, 0xff, 0xff, 0xff, 0xff, 0xfb,
    0x3d, 0x0, 0x0, 0xd4, 0xff, 0xff, 0xd8, 0x0,
    0x0, 0x0, 0x0, 0x0, 0x29, 0xad, 0xff, 0xff,
    0xff, 0xd4, 0x0, 0x0, 0xd4, 0xff, 0xff, 0xd8,
    0x0, 0x0, 0x0, 0x0, 0x0, 0x0, 0x2, 0xc2,
    0xff, 0xff, 0xff, 0x2e, 0x0, 0xd4, 0xff, 0xff,
    0xd8, 0x0, 0x0, 0x0, 0x0, 0x0, 0x0, 0x0,
    0x62, 0xff, 0xff, 0xff, 0x59, 0x0, 0xd4, 0xff,
    0xff, 0xd8, 0x0, 0x0, 0x0, 0x0, 0x0, 0x0,
    0x0, 0x47, 0xff, 0xff, 0xff, 0x64, 0x0, 0xd4,
    0xff, 0xff, 0xd8, 0x0, 0x0, 0x0, 0x0, 0x0,
    0x0, 0x0, 0x6b, 0xff, 0xff, 0xff, 0x4d, 0x0,
    0xd4, 0xff, 0xff, 0xd8, 0x0, 0x0, 0x0, 0x0,
    0x0, 0x0, 0xa, 0xd6, 0xff, 0xff, 0xf9, 0x12,
    0x0, 0xd4, 0xff, 0xff, 0xd8, 0x0, 0x0, 0x0,
    0x0, 0xd, 0x47, 0xcc, 0xff, 0xff, 0xff, 0x94,
    0x0, 0x0, 0xd4, 0xff, 0xff, 0xff, 0xff, 0xff,
    0xff, 0xff, 0xff, 0xff, 0xff, 0xff, 0xff, 0xc3,
    0xa, 0x0, 0x0, 0xd4, 0xff, 0xff, 0xff, 0xff,
    0xff, 0xff, 0xff, 0xff, 0xff, 0xff, 0xf5, 0x87,
    0x8, 0x0, 0x0, 0x0, 0xd4, 0xff, 0xff, 0xff,
    0xe4, 0xe4, 0xe4, 0xe4, 0xff, 0xff, 0xff, 0xb4,
    0x0, 0x0, 0x0, 0x0, 0x0, 0xd4, 0xff, 0xff,
    0xd8, 0x0, 0x0, 0x0, 0x0, 0xa2, 0xff, 0xff,
    0xff, 0x3c, 0x0, 0x0, 0x0, 0x0, 0xd4, 0xff,
    0xff, 0xd8, 0x0, 0x0, 0x0, 0x0, 0x22, 0xfa,
    0xff, 0xff, 0xc6, 0x0, 0x0, 0x0, 0x0, 0xd4,
    0xff, 0xff, 0xd8, 0x0, 0x0, 0x0, 0x0, 0x0,
    0x93, 0xff, 0xff, 0xff, 0x4f, 0x0, 0x0, 0x0,
    0xd4, 0xff, 0xff, 0xd8, 0x0, 0x0, 0x0, 0x0,
    0x0, 0x17, 0xf4, 0xff, 0xff, 0xd6, 0x3, 0x0,
    0x0, 0xd4, 0xff, 0xff, 0xd8, 0x0, 0x0, 0x0,
    0x0, 0x0, 0x0, 0x83, 0xff, 0xff, 0xff, 0x63,
    0x0, 0x0, 0xd4, 0xff, 0xff, 0xd8, 0x0, 0x0,
    0x0, 0x0, 0x0, 0x0, 0xf, 0xed, 0xff, 0xff,
    0xe4, 0x9, 0x0, 0xd4, 0xff, 0xff, 0xd8, 0x0,
    0x0, 0x0, 0x0, 0x0, 0x0, 0x0, 0x74, 0xff,
    0xff, 0xff, 0x75, 0x0, 0xd4, 0xff, 0xff, 0xd8,
    0x0, 0x0, 0x0, 0x0, 0x0, 0x0, 0x0, 0x9,
    0xe4, 0xff, 0xff, 0xee, 0x11,

    /* U+0053 "S" */
    0x0, 0x0, 0x0, 0x2, 0x4d, 0xa3, 0xd9, 0xf6,
    0xfd, 0xef, 0xc9, 0x85, 0x20, 0x0, 0x0, 0x0,
    0x0, 0x0, 0x0, 0x2b, 0xcf, 0xff, 0xff, 0xff,
    0xff, 0xff, 0xff, 0xff, 0xff, 0xfa, 0x81, 0x2,
    0x0, 0x0, 0x0, 0x28, 0xee, 0xff, 0xff, 0xff,
    0xff, 0xe9, 0xe0, 0xf5, 0xff, 0xff, 0xff, 0xff,
    0x98, 0x0, 0x0, 0x0, 0xbf, 0xff, 0xff, 0xff,
    0xa4, 0x20, 0x0, 0x0, 0x3, 0x49, 0xdd, 0xff,
    0xff, 0xff, 0x4d, 0x0, 0x1b, 0xff, 0xff, 0xff,
    0xc0, 0x1, 0x0, 0x0, 0x0, 0x0, 0x0, 0x21,
    0xf7, 0xff, 0xff, 0xbd, 0x0, 0x38, 0xff, 0xff,
    0xff, 0x78, 0x0, 0x0, 0x0, 0x0, 0x0, 0x0,
    0x0, 0xb5, 0xff, 0xff, 0xf6, 0x0, 0x25, 0xff,
    0xff, 0xff, 0x9f, 0x0, 0x0, 0x0, 0x0, 0x0,
    0x0, 0x0, 0x2d, 0x48, 0x48, 0x48, 0x1, 0x1,
    0xd7, 0xff, 0xff, 0xfe, 0x73, 0x3, 0x0, 0x0,
    0x0, 0x0, 0x0, 0x0, 0x0, 0x0, 0x0, 0x0,
    0x0, 0x40, 0xfb, 0xff, 0xff, 0xff, 0xda, 0x72,
    0x1f, 0x0, 0x0, 0x0, 0x0, 0x0, 0x0, 0x0,
    0x0, 0x0, 0x0, 0x48, 0xec, 0xff, 0xff, 0xff,
    0xff, 0xff, 0xd2, 0x7f, 0x20, 0x0, 0x0, 0x0,
    0x0, 0x0, 0x0, 0x0, 0x0, 0x14, 0x8c, 0xf2,
    0xff, 0xff, 0xff, 0xff, 0xff, 0xfd, 0xa9, 0x22,
    0x0, 0x0, 0x0, 0x0, 0x0, 0x0, 0x0, 0x0,
    0xb, 0x5c, 0xaf, 0xf5, 0xff, 0xff, 0xff, 0xff,
    0xf4, 0x4f, 0x0, 0x0, 0x0, 0x0, 0x0, 0x0,
    0x0, 0x0, 0x0, 0x0, 0x9, 0x56, 0xc3, 0xff,
    0xff, 0xff, 0xfa, 0x34, 0x0, 0x0, 0x0, 0x0,
    0x0, 0x0, 0x0, 0x0, 0x0, 0x0, 0x0, 0x0,
    0x64, 0xff, 0xff, 0xff, 0xb9, 0x0, 0x77, 0x84,
    0x84, 0x68, 0x0, 0x0, 0x0, 0x0, 0x0, 0x0,
    0x0, 0x0, 0xc0, 0xff, 0xff, 0xfa, 0x4, 0xd1,
    0xff, 0xff, 0xe9, 0x1, 0x0, 0x0, 0x0, 0x0,
    0x0, 0x0, 0x0, 0xa1, 0xff, 0xff, 0xff, 0x11,
    0x90, 0xff, 0xff, 0xff, 0x5f, 0x0, 0x0, 0x0,
    0x0, 0x0, 0x0, 0x6, 0xde, 0xff, 0xff, 0xf4,
    0x2, 0x20, 0xf5, 0xff, 0xff, 0xfa, 0x83, 0x1f,
    0x0, 0x0, 0x0, 0x2b, 0xb7, 0xff, 0xff, 0xff,
    0xa5, 0x0, 0x0, 0x50, 0xfa, 0xff, 0xff, 0xff,
    0xff, 0xee, 0xde, 0xee, 0xff, 0xff, 0xff, 0xff,
    0xeb, 0x1f, 0x0, 0x0, 0x0, 0x37, 0xd2, 0xff,
    0xff, 0xff, 0xff, 0xff, 0xff, 0xff, 0xff, 0xff,
    0xcc, 0x28, 0x0, 0x0, 0x0, 0x0, 0x0, 0x2,
    0x49, 0x9b, 0xd4, 0xf4, 0xfe, 0xf5, 0xd7, 0x9f,
    0x4b, 0x2, 0x0, 0x0, 0x0,

    /* U+0054 "T" */
    0x58, 0xff, 0xff, 0xff, 0xff, 0xff, 0xff, 0xff,
    0xff, 0xff, 0xff, 0xff, 0xff, 0xff, 0xff, 0xff,
    0xff, 0xa4, 0x58, 0xff, 0xff, 0xff, 0xff, 0xff,
    0xff, 0xff, 0xff, 0xff, 0xff, 0xff, 0xff, 0xff,
    0xff, 0xff, 0xff, 0xa4, 0x50, 0xe8, 0xe8, 0xe8,
    0xe8, 0xe8, 0xe8, 0xfa, 0xff, 0xff, 0xff, 0xe8,
    0xe8, 0xe8, 0xe8, 0xe8, 0xe8, 0x95, 0x0, 0x0,
    0x0, 0x0, 0x0, 0x0, 0x0, 0xb4, 0xff, 0xff,
    0xf0, 0x0, 0x0, 0x0, 0x0, 0x0, 0x0, 0x0,
    0x0, 0x0, 0x0, 0x0, 0x0, 0x0, 0x0, 0xb4,
    0xff, 0xff, 0xf0, 0x0, 0x0, 0x0, 0x0, 0x0,
    0x0, 0x0, 0x0, 0x0, 0x0, 0x0, 0x0, 0x0,
    0x0, 0xb4, 0xff, 0xff, 0xf0, 0x0, 0x0, 0x0,
    0x0, 0x0, 0x0, 0x0, 0x0, 0x0, 0x0, 0x0,
    0x0, 0x0, 0x0, 0xb4, 0xff, 0xff, 0xf0, 0x0,
    0x0, 0x0, 0x0, 0x0, 0x0, 0x0, 0x0, 0x0,
    0x0, 0x0, 0x0, 0x0, 0x0, 0xb4, 0xff, 0xff,
    0xf0, 0x0, 0x0, 0x0, 0x0, 0x0, 0x0, 0x0,
    0x0, 0x0, 0x0, 0x0, 0x0, 0x0, 0x0, 0xb4,
    0xff, 0xff, 0xf0, 0x0, 0x0, 0x0, 0x0, 0x0,
    0x0, 0x0, 0x0, 0x0, 0x0, 0x0, 0x0, 0x0,
    0x0, 0xb4, 0xff, 0xff, 0xf0, 0x0, 0x0, 0x0,
    0x0, 0x0, 0x0, 0x0, 0x0, 0x0, 0x0, 0x0,
    0x0, 0x0, 0x0, 0xb4, 0xff, 0xff, 0xf0, 0x0,
    0x0, 0x0, 0x0, 0x0, 0x0, 0x0, 0x0, 0x0,
    0x0, 0x0, 0x0, 0x0, 0x0, 0xb4, 0xff, 0xff,
    0xf0, 0x0, 0x0, 0x0, 0x0, 0x0, 0x0, 0x0,
    0x0, 0x0, 0x0, 0x0, 0x0, 0x0, 0x0, 0xb4,
    0xff, 0xff, 0xf0, 0x0, 0x0, 0x0, 0x0, 0x0,
    0x0, 0x0, 0x0, 0x0, 0x0, 0x0, 0x0, 0x0,
    0x0, 0xb4, 0xff, 0xff, 0xf0, 0x0, 0x0, 0x0,
    0x0, 0x0, 0x0, 0x0, 0x0, 0x0, 0x0, 0x0,
    0x0, 0x0, 0x0, 0xb4, 0xff, 0xff, 0xf0, 0x0,
    0x0, 0x0, 0x0, 0x0, 0x0, 0x0, 0x0, 0x0,
    0x0, 0x0, 0x0, 0x0, 0x0, 0xb4, 0xff, 0xff,
    0xf0, 0x0, 0x0, 0x0, 0x0, 0x0, 0x0, 0x0,
    0x0, 0x0, 0x0, 0x0, 0x0, 0x0, 0x0, 0xb4,
    0xff, 0xff, 0xf0, 0x0, 0x0, 0x0, 0x0, 0x0,
    0x0, 0x0, 0x0, 0x0, 0x0, 0x0, 0x0, 0x0,
    0x0, 0xb4, 0xff, 0xff, 0xf0, 0x0, 0x0, 0x0,
    0x0, 0x0, 0x0, 0x0, 0x0, 0x0, 0x0, 0x0,
    0x0, 0x0, 0x0, 0xb4, 0xff, 0xff, 0xf0, 0x0,
    0x0, 0x0, 0x0, 0x0, 0x0, 0x0, 0x0, 0x0,
    0x0, 0x0, 0x0, 0x0, 0x0, 0xb4, 0xff, 0xff,
    0xf0, 0x0, 0x0, 0x0, 0x0, 0x0, 0x0, 0x0,
    0x0, 0x0, 0x0, 0x0, 0x0, 0x0, 0x0, 0xb4,
    0xff, 0xff, 0xf0, 0x0, 0x0, 0x0, 0x0, 0x0,
    0x0, 0x0,

    /* U+0055 "U" */
    0x20, 0xff, 0xff, 0xff, 0x88, 0x0, 0x0, 0x0,
    0x0, 0x0, 0x0, 0x0, 0x0, 0xdc, 0xff, 0xff,
    0xcc, 0x20, 0xff, 0xff, 0xff, 0x88, 0x0, 0x0,
    0x0, 0x0, 0x0, 0x0, 0x0, 0x0, 0xdc, 0xff,
    0xff, 0xcc, 0x20, 0xff, 0xff, 0xff, 0x88, 0x0,
    0x0, 0x0, 0x0, 0x0, 0x0, 0x0, 0x0, 0xdc,
    0xff, 0xff, 0xcc, 0x20, 0xff, 0xff, 0xff, 0x88,
    0x0, 0x0, 0x0, 0x0, 0x0, 0x0, 0x0, 0x0,
    0xdc, 0xff, 0xff, 0xcc, 0x20, 0xff, 0xff, 0xff,
    0x88, 0x0, 0x0, 0x0, 0x0, 0x0, 0x0, 0x0,
    0x0, 0xdc, 0xff, 0xff, 0xcc, 0x20, 0xff, 0xff,
    0xff, 0x88, 0x0, 0x0, 0x0, 0x0, 0x0, 0x0,
    0x0, 0x0, 0xdc, 0xff, 0xff, 0xcc, 0x20, 0xff,
    0xff, 0xff, 0x88, 0x0, 0x0, 0x0, 0x0, 0x0,
    0x0, 0x0, 0x0, 0xdc, 0xff, 0xff, 0xcc, 0x20,
    0xff, 0xff, 0xff, 0x88, 0x0, 0x0, 0x0, 0x0,
    0x0, 0x0, 0x0, 0x0, 0xdc, 0xff, 0xff, 0xcc,
    0x20, 0xff, 0xff, 0xff, 0x88, 0x0, 0x0, 0x0,
    0x0, 0x0, 0x0, 0x0, 0x0, 0xdc, 0xff, 0xff,
    0xcc, 0x20, 0xff, 0xff, 0xff, 0x88, 0x0, 0x0,
    0x0, 0x0, 0x0, 0x0, 0x0, 0x0, 0xdc, 0xff,
    0xff, 0xcc, 0x20, 0xff, 0xff, 0xff, 0x88, 0x0,
    0x0, 0x0, 0x0, 0x0, 0x0, 0x0, 0x0, 0xdc,
    0xff, 0xff, 0xcc, 0x20, 0xff, 0xff, 0xff, 0x88,
    0x0, 0x0, 0x0, 0x0, 0x0, 0x0, 0x0, 0x0,
    0xdc, 0xff, 0xff, 0xcc, 0x20, 0xff, 0xff, 0xff,
    0x88, 0x0, 0x0, 0x0, 0x0, 0x0, 0x0, 0x0,
    0x0, 0xdc, 0xff, 0xff, 0xcc, 0x20, 0xff, 0xff,
    0xff, 0x88, 0x0, 0x0, 0x0, 0x0, 0x0, 0x0,
    0x0, 0x0, 0xdc, 0xff, 0xff, 0xcc, 0x19, 0xff,
    0xff, 0xff, 0x94, 0x0, 0x0, 0x0, 0x0, 0x0,
    0x0, 0x0, 0x0, 0xe8, 0xff, 0xff, 0xc4, 0x2,
    0xf6, 0xff, 0xff, 0xc5, 0x0, 0x0, 0x0, 0x0,
    0x0, 0x0, 0x0, 0x1a, 0xff, 0xff, 0xff, 0xa4,
    0x0, 0xb6, 0xff, 0xff, 0xff, 0x42, 0x0, 0x0,
    0x0, 0x0, 0x0, 0x0, 0x96, 0xff, 0xff, 0xff,
    0x5d, 0x0, 0x41, 0xff, 0xff, 0xff, 0xf2, 0x67,
    0xe, 0x0, 0x0, 0x21, 0x98, 0xff, 0xff, 0xff,
    0xdf, 0x8, 0x0, 0x0, 0x8a, 0xff, 0xff, 0xff,
    0xff, 0xfe, 0xe9, 0xf0, 0xff, 0xff, 0xff, 0xff,
    0xf5, 0x37, 0x0, 0x0, 0x0, 0x1, 0x76, 0xf7,
    0xff, 0xff, 0xff, 0xff, 0xff, 0xff, 0xff, 0xff,
    0xd8, 0x35, 0x0, 0x0, 0x0, 0x0, 0x0, 0x0,
    0x1a, 0x7a, 0xbf, 0xea, 0xfc, 0xf8, 0xde, 0xaa,
    0x57, 0x4, 0x0, 0x0, 0x0,

    /* U+0056 "V" */
    0x92, 0xff, 0xff, 0xff, 0x76, 0x0, 0x0, 0x0,
    0x0, 0x0, 0x0, 0x0, 0x0, 0x0, 0x15, 0xfd,
    0xff, 0xff, 0xee, 0x7, 0x35, 0xff, 0xff, 0xff,
    0xc8, 0x0, 0x0, 0x0, 0x0, 0x0, 0x0, 0x0,
    0x0, 0x0, 0x66, 0xff, 0xff, 0xff, 0x98, 0x0,
    0x0, 0xd8, 0xff, 0xff, 0xff, 0x1b, 0x0, 0x0,
    0x0, 0x0, 0x0, 0x0, 0x0, 0x0, 0xb9, 0xff,
    0xff, 0xff, 0x3b, 0x0, 0x0, 0x7c, 0xff, 0xff,
    0xff, 0x6e, 0x0, 0x0, 0x0, 0x0, 0x0, 0x0,
    0x0, 0x12, 0xfb, 0xff, 0xff, 0xdd, 0x1, 0x0,
    0x0, 0x20, 0xff, 0xff, 0xff, 0xc1, 0x0, 0x0,
    0x0, 0x0, 0x0, 0x0, 0x0, 0x61, 0xff, 0xff,
    0xff, 0x80, 0x0, 0x0, 0x0, 0x0, 0xc2, 0xff,
    0xff, 0xfd, 0x17, 0x0, 0x0, 0x0, 0x0, 0x0,
    0x0, 0xb3, 0xff, 0xff, 0xff, 0x25, 0x0, 0x0,
    0x0, 0x0, 0x65, 0xff, 0xff, 0xff, 0x67, 0x0,
    0x0, 0x0, 0x0, 0x0, 0xf, 0xf9, 0xff, 0xff,
    0xc7, 0x0, 0x0, 0x0, 0x0, 0x0, 0x10, 0xf8,
    0xff, 0xff, 0xba, 0x0, 0x0, 0x0, 0x0, 0x0,
    0x5b, 0xff, 0xff, 0xff, 0x69, 0x0, 0x0, 0x0,
    0x0, 0x0, 0x0, 0xac, 0xff, 0xff, 0xfb, 0x12,
    0x0, 0x0, 0x0, 0x0, 0xaf, 0xff, 0xff, 0xf9,
    0x13, 0x0, 0x0, 0x0, 0x0, 0x0, 0x0, 0x4f,
    0xff, 0xff, 0xff, 0x60, 0x0, 0x0, 0x0, 0xc,
    0xf7, 0xff, 0xff, 0xae, 0x0, 0x0, 0x0, 0x0,
    0x0, 0x0, 0x0, 0x5, 0xed, 0xff, 0xff, 0xb2,
    0x0, 0x0, 0x0, 0x56, 0xff, 0xff, 0xff, 0x52,
    0x0, 0x0, 0x0, 0x0, 0x0, 0x0, 0x0, 0x0,
    0x95, 0xff, 0xff, 0xf9, 0xd, 0x0, 0x0, 0xaa,
    0xff, 0xff, 0xed, 0x7, 0x0, 0x0, 0x0, 0x0,
    0x0, 0x0, 0x0, 0x0, 0x38, 0xff, 0xff, 0xff,
    0x59, 0x0, 0x9, 0xf5, 0xff, 0xff, 0x97, 0x0,
    0x0, 0x0, 0x0, 0x0, 0x0, 0x0, 0x0, 0x0,
    0x1, 0xdb, 0xff, 0xff, 0xab, 0x0, 0x51, 0xff,
    0xff, 0xff, 0x3b, 0x0, 0x0, 0x0, 0x0, 0x0,
    0x0, 0x0, 0x0, 0x0, 0x0, 0x7f, 0xff, 0xff,
    0xf5, 0x9, 0xa5, 0xff, 0xff, 0xdb, 0x1, 0x0,
    0x0, 0x0, 0x0, 0x0, 0x0, 0x0, 0x0, 0x0,
    0x0, 0x23, 0xff, 0xff, 0xff, 0x59, 0xf1, 0xff,
    0xff, 0x80, 0x0, 0x0, 0x0, 0x0, 0x0, 0x0,
    0x0, 0x0, 0x0, 0x0, 0x0, 0x0, 0xc5, 0xff,
    0xff, 0xe3, 0xff, 0xff, 0xff, 0x25, 0x0, 0x0,
    0x0, 0x0, 0x0, 0x0, 0x0, 0x0, 0x0, 0x0,
    0x0, 0x0, 0x69, 0xff, 0xff, 0xff, 0xff, 0xff,
    0xc5, 0x0, 0x0, 0x0, 0x0, 0x0, 0x0, 0x0,
    0x0, 0x0, 0x0, 0x0, 0x0, 0x0, 0x13, 0xf9,
    0xff, 0xff, 0xff, 0xff, 0x69, 0x0, 0x0, 0x0,
    0x0, 0x0, 0x0, 0x0, 0x0, 0x0, 0x0, 0x0,
    0x0, 0x0, 0x0, 0xaf, 0xff, 0xff, 0xff, 0xf9,
    0x13, 0x0, 0x0, 0x0, 0x0, 0x0, 0x0, 0x0,
    0x0, 0x0, 0x0, 0x0, 0x0, 0x0, 0x0, 0x53,
    0xff, 0xff, 0xff, 0xae, 0x0, 0x0, 0x0, 0x0,
    0x0, 0x0, 0x0, 0x0,

    /* U+0057 "W" */
    0x32, 0xff, 0xff, 0xff, 0x73, 0x0, 0x0, 0x0,
    0x0, 0x0, 0x0, 0x5d, 0xff, 0xff, 0xf6, 0x6,
    0x0, 0x0, 0x0, 0x0, 0x0, 0x0, 0xe7, 0xff,
    0xff, 0xc2, 0x3, 0xf3, 0xff, 0xff, 0xa9, 0x0,
    0x0, 0x0, 0x0, 0x0, 0x0, 0xa0, 0xff, 0xff,
    0xff, 0x40, 0x0, 0x0, 0x0, 0x0, 0x0, 0x1d,
    0xff, 0xff, 0xff, 0x85, 0x0, 0xbb, 0xff, 0xff,
    0xe0, 0x0, 0x0, 0x0, 0x0, 0x0, 0x0, 0xe4,
    0xff, 0xff, 0xff, 0x80, 0x0, 0x0, 0x0, 0x0,
    0x0, 0x52, 0xff, 0xff, 0xff, 0x4a, 0x0, 0x7e,
    0xff, 0xff, 0xff, 0x17, 0x0, 0x0, 0x0, 0x0,
    0x25, 0xff, 0xff, 0xff, 0xff, 0xc3, 0x0, 0x0,
    0x0, 0x0, 0x0, 0x89, 0xff, 0xff, 0xfe, 0xf,
    0x0, 0x41, 0xff, 0xff, 0xff, 0x4d, 0x0, 0x0,
    0x0, 0x0, 0x69, 0xff, 0xff, 0xff, 0xff, 0xfa,
    0xa, 0x0, 0x0, 0x0, 0x0, 0xbf, 0xff, 0xff,
    0xd1, 0x0, 0x0, 0xa, 0xfb, 0xff, 0xff, 0x84,
    0x0, 0x0, 0x0, 0x0, 0xac, 0xff, 0xff, 0xfd,
    0xff, 0xff, 0x46, 0x0, 0x0, 0x0, 0x2, 0xf2,
    0xff, 0xff, 0x94, 0x0, 0x0, 0x0, 0xca, 0xff,
    0xff, 0xbb, 0x0, 0x0, 0x0, 0x2, 0xed, 0xff,
    0xff, 0x9d, 0xff, 0xff, 0x88, 0x0, 0x0, 0x0,
    0x2a, 0xff, 0xff, 0xff, 0x59, 0x0, 0x0, 0x0,
    0x8d, 0xff, 0xff, 0xef, 0x1, 0x0, 0x0, 0x31,
    0xff, 0xff, 0xd8, 0x3c, 0xff, 0xff, 0xcb, 0x0,
    0x0, 0x0, 0x60, 0xff, 0xff, 0xff, 0x1d, 0x0,
    0x0, 0x0, 0x50, 0xff, 0xff, 0xff, 0x27, 0x0,
    0x0, 0x74, 0xff, 0xff, 0x93, 0x5, 0xf3, 0xff,
    0xfd, 0xf, 0x0, 0x0, 0x97, 0xff, 0xff, 0xe0,
    0x0, 0x0, 0x0, 0x0, 0x15, 0xff, 0xff, 0xff,
    0x5d, 0x0, 0x0, 0xb6, 0xff, 0xff, 0x4e, 0x0,
    0xb3, 0xff, 0xff, 0x4e, 0x0, 0x0, 0xcc, 0xff,
    0xff, 0xa4, 0x0, 0x0, 0x0, 0x0, 0x0, 0xd9,
    0xff, 0xff, 0x93, 0x0, 0x6, 0xf4, 0xff, 0xfc,
    0xe, 0x0, 0x6f, 0xff, 0xff, 0x90, 0x0, 0x8,
    0xfa, 0xff, 0xff, 0x67, 0x0, 0x0, 0x0, 0x0,
    0x0, 0x9c, 0xff, 0xff, 0xca, 0x0, 0x3c, 0xff,
    0xff, 0xc4, 0x0, 0x0, 0x2b, 0xff, 0xff, 0xd2,
    0x0, 0x37, 0xff, 0xff, 0xff, 0x2c, 0x0, 0x0,
    0x0, 0x0, 0x0, 0x60, 0xff, 0xff, 0xf9, 0x7,
    0x80, 0xff, 0xff, 0x7f, 0x0, 0x0, 0x1, 0xe7,
    0xff, 0xff, 0x15, 0x6e, 0xff, 0xff, 0xee, 0x2,
    0x0, 0x0, 0x0, 0x0, 0x0, 0x23, 0xff, 0xff,
    0xff, 0x37, 0xc2, 0xff, 0xff, 0x3a, 0x0, 0x0,
    0x0, 0xa3, 0xff, 0xff, 0x55, 0xa4, 0xff, 0xff,
    0xb3, 0x0, 0x0, 0x0, 0x0, 0x0, 0x0, 0x0,
    0xe7, 0xff, 0xff, 0x79, 0xfa, 0xff, 0xf1, 0x4,
    0x0, 0x0, 0x0, 0x5f, 0xff, 0xff, 0x97, 0xd9,
    0xff, 0xff, 0x76, 0x0, 0x0, 0x0, 0x0, 0x0,
    0x0, 0x0, 0xac, 0xff, 0xff, 0xe6, 0xff, 0xff,
    0xaf, 0x0, 0x0, 0x0, 0x0, 0x1c, 0xff, 0xff,
    0xe5, 0xff, 0xff, 0xff, 0x3b, 0x0, 0x0, 0x0,
    0x0, 0x0, 0x0, 0x0, 0x6f, 0xff, 0xff, 0xff,
    0xff, 0xff, 0x6b, 0x0, 0x0, 0x0, 0x0, 0x0,
    0xd7, 0xff, 0xff, 0xff, 0xff, 0xf8, 0x7, 0x0,
    0x0, 0x0, 0x0, 0x0, 0x0, 0x0, 0x33, 0xff,
    0xff, 0xff, 0xff, 0xff, 0x25, 0x0, 0x0, 0x0,
    0x0, 0x0, 0x93, 0xff, 0xff, 0xff, 0xff, 0xc3,
    0x0, 0x0, 0x0, 0x0, 0x0, 0x0, 0x0, 0x0,
    0x3, 0xf3, 0xff, 0xff, 0xff, 0xe1, 0x0, 0x0,
    0x0, 0x0, 0x0, 0x0, 0x4f, 0xff, 0xff, 0xff,
    0xff, 0x85, 0x0, 0x0, 0x0, 0x0, 0x0, 0x0,
    0x0, 0x0, 0x0, 0xbb, 0xff, 0xff, 0xff, 0x9c,
    0x0, 0x0, 0x0, 0x0, 0x0, 0x0, 0xf, 0xfc,
    0xff, 0xff, 0xff, 0x4a, 0x0, 0x0, 0x0, 0x0,
    0x0, 0x0, 0x0, 0x0, 0x0, 0x7e, 0xff, 0xff,
    0xff, 0x56, 0x0, 0x0, 0x0, 0x0, 0x0, 0x0,
    0x0, 0xc6, 0xff, 0xff, 0xfe, 0x10, 0x0, 0x0,
    0x0, 0x0,

    /* U+0058 "X" */
    0x10, 0xe8, 0xff, 0xff, 0xff, 0x44, 0x0, 0x0,
    0x0, 0x0, 0x0, 0x0, 0x0, 0x48, 0xff, 0xff,
    0xff, 0xe3, 0xd, 0x0, 0x59, 0xff, 0xff, 0xff,
    0xd7, 0x5, 0x0, 0x0, 0x0, 0x0, 0x0, 0x6,
    0xd8, 0xff, 0xff, 0xff, 0x54, 0x0, 0x0, 0x0,
    0xbb, 0xff, 0xff, 0xff, 0x73, 0x0, 0x0, 0x0,
    0x0, 0x0, 0x76, 0xff, 0xff, 0xff, 0xb4, 0x0,
    0x0, 0x0, 0x0, 0x25, 0xf8, 0xff, 0xff, 0xf1,
    0x18, 0x0, 0x0, 0x0, 0x1a, 0xf3, 0xff, 0xff,
    0xf6, 0x1f, 0x0, 0x0, 0x0, 0x0, 0x0, 0x7e,
    0xff, 0xff, 0xff, 0xa2, 0x0, 0x0, 0x0, 0xa3,
    0xff, 0xff, 0xff, 0x78, 0x0, 0x0, 0x0, 0x0,
    0x0, 0x0, 0x7, 0xd9, 0xff, 0xff, 0xff, 0x3a,
    0x0, 0x3b, 0xff, 0xff, 0xff, 0xd3, 0x5, 0x0,
    0x0, 0x0, 0x0, 0x0, 0x0, 0x0, 0x41, 0xff,
    0xff, 0xff, 0xcf, 0x6, 0xcf, 0xff, 0xff, 0xff,
    0x3c, 0x0, 0x0, 0x0, 0x0, 0x0, 0x0, 0x0,
    0x0, 0x0, 0xa1, 0xff, 0xff, 0xff, 0xbe, 0xff,
    0xff, 0xff, 0x9d, 0x0, 0x0, 0x0, 0x0, 0x0,
    0x0, 0x0, 0x0, 0x0, 0x0, 0x16, 0xed, 0xff,
    0xff, 0xff, 0xff, 0xff, 0xec, 0x13, 0x0, 0x0,
    0x0, 0x0, 0x0, 0x0, 0x0, 0x0, 0x0, 0x0,
    0x0, 0x64, 0xff, 0xff, 0xff, 0xff, 0xff, 0x60,
    0x0, 0x0, 0x0, 0x0, 0x0, 0x0, 0x0, 0x0,
    0x0, 0x0, 0x0, 0x0, 0x9, 0xf4, 0xff, 0xff,
    0xff, 0xf2, 0x8, 0x0, 0x0, 0x0, 0x0, 0x0,
    0x0, 0x0, 0x0, 0x0, 0x0, 0x0, 0x0, 0x83,
    0xff, 0xff, 0xff, 0xff, 0xff, 0x80, 0x0, 0x0,
    0x0, 0x0, 0x0, 0x0, 0x0, 0x0, 0x0, 0x0,
    0x0, 0x29, 0xfa, 0xff, 0xff, 0xff, 0xff, 0xff,
    0xf8, 0x25, 0x0, 0x0, 0x0, 0x0, 0x0, 0x0,
    0x0, 0x0, 0x0, 0x1, 0xc2, 0xff, 0xff, 0xff,
    0x9f, 0xff, 0xff, 0xff, 0xbc, 0x0, 0x0, 0x0,
    0x0, 0x0, 0x0, 0x0, 0x0, 0x0, 0x62, 0xff,
    0xff, 0xff, 0xba, 0x0, 0xba, 0xff, 0xff, 0xff,
    0x5c, 0x0, 0x0, 0x0, 0x0, 0x0, 0x0, 0x0,
    0x14, 0xec, 0xff, 0xff, 0xfa, 0x28, 0x0, 0x28,
    0xfa, 0xff, 0xff, 0xea, 0x11, 0x0, 0x0, 0x0,
    0x0, 0x0, 0x0, 0xa0, 0xff, 0xff, 0xff, 0x88,
    0x0, 0x0, 0x0, 0x89, 0xff, 0xff, 0xff, 0x9b,
    0x0, 0x0, 0x0, 0x0, 0x0, 0x41, 0xff, 0xff,
    0xff, 0xe3, 0xb, 0x0, 0x0, 0x0, 0xd, 0xe5,
    0xff, 0xff, 0xff, 0x3c, 0x0, 0x0, 0x0, 0x7,
    0xd9, 0xff, 0xff, 0xff, 0x56, 0x0, 0x0, 0x0,
    0x0, 0x0, 0x59, 0xff, 0xff, 0xff, 0xd3, 0x5,
    0x0, 0x0, 0x80, 0xff, 0xff, 0xff, 0xbd, 0x0,
    0x0, 0x0, 0x0, 0x0, 0x0, 0x1, 0xc0, 0xff,
    0xff, 0xff, 0x78, 0x0, 0x27, 0xf9, 0xff, 0xff,
    0xfb, 0x29, 0x0, 0x0, 0x0, 0x0, 0x0, 0x0,
    0x0, 0x2c, 0xfc, 0xff, 0xff, 0xf6, 0x22,

    /* U+0059 "Y" */
    0x9c, 0xff, 0xff, 0xff, 0x73, 0x0, 0x0, 0x0,
    0x0, 0x0, 0x0, 0x0, 0x0, 0x27, 0xfd, 0xff,
    0xff, 0xe0, 0x7, 0x1a, 0xf6, 0xff, 0xff, 0xe7,
    0x9, 0x0, 0x0, 0x0, 0x0, 0x0, 0x0, 0x0,
    0xa2, 0xff, 0xff, 0xff, 0x5c, 0x0, 0x0, 0x86,
    0xff, 0xff, 0xff, 0x70, 0x0, 0x0, 0x0, 0x0,
    0x0, 0x0, 0x24, 0xfc, 0xff, 0xff, 0xd1, 0x2,
    0x0, 0x0, 0xf, 0xed, 0xff, 0xff, 0xe7, 0x8,
    0x0, 0x0, 0x0, 0x0, 0x0, 0x9f, 0xff, 0xff,
    0xff, 0x47, 0x0, 0x0, 0x0, 0x0, 0x71, 0xff,
    0xff, 0xff, 0x6e, 0x0, 0x0, 0x0, 0x0, 0x21,
    0xfb, 0xff, 0xff, 0xbe, 0x0, 0x0, 0x0, 0x0,
    0x0, 0x7, 0xe0, 0xff, 0xff, 0xe4, 0x7, 0x0,
    0x0, 0x0, 0x9c, 0xff, 0xff, 0xff, 0x34, 0x0,
    0x0, 0x0, 0x0, 0x0, 0x0, 0x5c, 0xff, 0xff,
    0xff, 0x68, 0x0, 0x0, 0x1f, 0xfb, 0xff, 0xff,
    0xa8, 0x0, 0x0, 0x0, 0x0, 0x0, 0x0, 0x0,
    0x2, 0xd1, 0xff, 0xff, 0xe2, 0x6, 0x0, 0x98,
    0xff, 0xff, 0xfb, 0x23, 0x0, 0x0, 0x0, 0x0,
    0x0, 0x0, 0x0, 0x0, 0x47, 0xff, 0xff, 0xff,
    0x66, 0x1e, 0xfa, 0xff, 0xff, 0x93, 0x0, 0x0,
    0x0, 0x0, 0x0, 0x0, 0x0, 0x0, 0x0, 0x0,
    0xbe, 0xff, 0xff, 0xdf, 0x9a, 0xff, 0xff, 0xf3,
    0x17, 0x0, 0x0, 0x0, 0x0, 0x0, 0x0, 0x0,
    0x0, 0x0, 0x0, 0x34, 0xff, 0xff, 0xff, 0xff,
    0xff, 0xff, 0x7f, 0x0, 0x0, 0x0, 0x0, 0x0,
    0x0, 0x0, 0x0, 0x0, 0x0, 0x0, 0x0, 0xa8,
    0xff, 0xff, 0xff, 0xff, 0xe9, 0xc, 0x0, 0x0,
    0x0, 0x0, 0x0, 0x0, 0x0, 0x0, 0x0, 0x0,
    0x0, 0x0, 0x24, 0xfb, 0xff, 0xff, 0xff, 0x69,
    0x0, 0x0, 0x0, 0x0, 0x0, 0x0, 0x0, 0x0,
    0x0, 0x0, 0x0, 0x0, 0x0, 0x0, 0xb9, 0xff,
    0xff, 0xff, 0x5, 0x0, 0x0, 0x0, 0x0, 0x0,
    0x0, 0x0, 0x0, 0x0, 0x0, 0x0, 0x0, 0x0,
    0x0, 0xb4, 0xff, 0xff, 0xff, 0x0, 0x0, 0x0,
    0x0, 0x0, 0x0, 0x0, 0x0, 0x0, 0x0, 0x0,
    0x0, 0x0, 0x0, 0x0, 0xb4, 0xff, 0xff, 0xff,
    0x0, 0x0, 0x0, 0x0, 0x0, 0x0, 0x0, 0x0,
    0x0, 0x0, 0x0, 0x0, 0x0, 0x0, 0x0, 0xb4,
    0xff, 0xff, 0xff, 0x0, 0x0, 0x0, 0x0, 0x0,
    0x0, 0x0, 0x0, 0x0, 0x0, 0x0, 0x0, 0x0,
    0x0, 0x0, 0xb4, 0xff, 0xff, 0xff, 0x0, 0x0,
    0x0, 0x0, 0x0, 0x0, 0x0, 0x0, 0x0, 0x0,
    0x0, 0x0, 0x0, 0x0, 0x0, 0xb4, 0xff, 0xff,
    0xff, 0x0, 0x0, 0x0, 0x0, 0x0, 0x0, 0x0,
    0x0, 0x0, 0x0, 0x0, 0x0, 0x0, 0x0, 0x0,
    0xb4, 0xff, 0xff, 0xff, 0x0, 0x0, 0x0, 0x0,
    0x0, 0x0, 0x0, 0x0, 0x0, 0x0, 0x0, 0x0,
    0x0, 0x0, 0x0, 0xb4, 0xff, 0xff, 0xff, 0x0,
    0x0, 0x0, 0x0, 0x0, 0x0, 0x0, 0x0,

    /* U+005A "Z" */
    0xbc, 0xff, 0xff, 0xff, 0xff, 0xff, 0xff, 0xff,
    0xff, 0xff, 0xff, 0xff, 0xff, 0xff, 0xff, 0xc0,
    0x0, 0xbc, 0xff, 0xff, 0xff, 0xff, 0xff, 0xff,
    0xff, 0xff, 0xff, 0xff, 0xff, 0xff, 0xff, 0xff,
    0xc0, 0x0, 0xaa, 0xe8, 0xe8, 0xe8, 0xe8, 0xe8,
    0xe8, 0xe8, 0xe8, 0xe8, 0xe8, 0xfa, 0xff, 0xff,
    0xff, 0x8d, 0x0, 0x0, 0x0, 0x0, 0x0, 0x0,
    0x0, 0x0, 0x0, 0x0, 0x0, 0x2c, 0xf8, 0xff,
    0xff, 0xd7, 0x9, 0x0, 0x0, 0x0, 0x0, 0x0,
    0x0, 0x0, 0x0, 0x0, 0x0, 0x7, 0xd0, 0xff,
    0xff, 0xfb, 0x33, 0x0, 0x0, 0x0, 0x0, 0x0,
    0x0, 0x0, 0x0, 0x0, 0x0, 0x0, 0x8c, 0xff,
    0xff, 0xff, 0x7a, 0x0, 0x0, 0x0, 0x0, 0x0,
    0x0, 0x0, 0x0, 0x0, 0x0, 0x0, 0x42, 0xfe,
    0xff, 0xff, 0xc4, 0x3, 0x0, 0x0, 0x0, 0x0,
    0x0, 0x0, 0x0, 0x0, 0x0, 0x0, 0x11, 0xe3,
    0xff, 0xff, 0xf2, 0x22, 0x0, 0x0, 0x0, 0x0,
    0x0, 0x0, 0x0, 0x0, 0x0, 0x0, 0x0, 0xa7,
    0xff, 0xff, 0xff, 0x62, 0x0, 0x0, 0x0, 0x0,
    0x0, 0x0, 0x0, 0x0, 0x0, 0x0, 0x0, 0x5b,
    0xff, 0xff, 0xff, 0xae, 0x0, 0x0, 0x0, 0x0,
    0x0, 0x0, 0x0, 0x0, 0x0, 0x0, 0x0, 0x20,
    0xf1, 0xff, 0xff, 0xe7, 0x13, 0x0, 0x0, 0x0,
    0x0, 0x0, 0x0, 0x0, 0x0, 0x0, 0x0, 0x3,
    0xc2, 0xff, 0xff, 0xff, 0x49, 0x0, 0x0, 0x0,
    0x0, 0x0, 0x0, 0x0, 0x0, 0x0, 0x0, 0x0,
    0x79, 0xff, 0xff, 0xff, 0x95, 0x0, 0x0, 0x0,
    0x0, 0x0, 0x0, 0x0, 0x0, 0x0, 0x0, 0x0,
    0x33, 0xfa, 0xff, 0xff, 0xd9, 0xa, 0x0, 0x0,
    0x0, 0x0, 0x0, 0x0, 0x0, 0x0, 0x0, 0x0,
    0xa, 0xd7, 0xff, 0xff, 0xfb, 0x33, 0x0, 0x0,
    0x0, 0x0, 0x0, 0x0, 0x0, 0x0, 0x0, 0x0,
    0x0, 0x95, 0xff, 0xff, 0xff, 0x7d, 0x0, 0x0,
    0x0, 0x0, 0x0, 0x0, 0x0, 0x0, 0x0, 0x0,
    0x0, 0x4b, 0xff, 0xff, 0xff, 0xc6, 0x3, 0x0,
    0x0, 0x0, 0x0, 0x0, 0x0, 0x0, 0x0, 0x0,
    0x0, 0x16, 0xe9, 0xff, 0xff, 0xf4, 0x22, 0x0,
    0x0, 0x0, 0x0, 0x0, 0x0, 0x0, 0x0, 0x0,
    0x0, 0x0, 0xa9, 0xff, 0xff, 0xff, 0xf9, 0xe4,
    0xe4, 0xe4, 0xe4, 0xe4, 0xe4, 0xe4, 0xe4, 0xe4,
    0xe4, 0xe4, 0x12, 0xd4, 0xff, 0xff, 0xff, 0xff,
    0xff, 0xff, 0xff, 0xff, 0xff, 0xff, 0xff, 0xff,
    0xff, 0xff, 0xff, 0x14, 0xd4, 0xff, 0xff, 0xff,
    0xff, 0xff, 0xff, 0xff, 0xff, 0xff, 0xff, 0xff,
    0xff, 0xff, 0xff, 0xff, 0x14,

    /* U+005B "[" */
    0xc, 0xff, 0xff, 0xff, 0xff, 0xff, 0xe0, 0xc,
    0xff, 0xff, 0xff, 0xff, 0xff, 0xe0, 0xc, 0xff,
    0xff, 0xff, 0xd9, 0xb4, 0x9e, 0xc, 0xff, 0xff,
    0xff, 0x7c, 0x0, 0x0, 0xc, 0xff, 0xff, 0xff,
    0x7c, 0x0, 0x0, 0xc, 0xff, 0xff, 0xff, 0x7c,
    0x0, 0x0, 0xc, 0xff, 0xff, 0xff, 0x7c, 0x0,
    0x0, 0xc, 0xff, 0xff, 0xff, 0x7c, 0x0, 0x0,
    0xc, 0xff, 0xff, 0xff, 0x7c, 0x0, 0x0, 0xc,
    0xff, 0xff, 0xff, 0x7c, 0x0, 0x0, 0xc, 0xff,
    0xff, 0xff, 0x7c, 0x0, 0x0, 0xc, 0xff, 0xff,
    0xff, 0x7c, 0x0, 0x0, 0xc, 0xff, 0xff, 0xff,
    0x7c, 0x0, 0x0, 0xc, 0xff, 0xff, 0xff, 0x7c,
    0x0, 0x0, 0xc, 0xff, 0xff, 0xff, 0x7c, 0x0,
    0x0, 0xc, 0xff, 0xff, 0xff, 0x7c, 0x0, 0x0,
    0xc, 0xff, 0xff, 0xff, 0x7c, 0x0, 0x0, 0xc,
    0xff, 0xff, 0xff, 0x7c, 0x0, 0x0, 0xc, 0xff,
    0xff, 0xff, 0x7c, 0x0, 0x0, 0xc, 0xff, 0xff,
    0xff, 0x7c, 0x0, 0x0, 0xc, 0xff, 0xff, 0xff,
    0x7c, 0x0, 0x0, 0xc, 0xff, 0xff, 0xff, 0x7c,
    0x0, 0x0, 0xc, 0xff, 0xff, 0xff, 0x7c, 0x0,
    0x0, 0xc, 0xff, 0xff, 0xff, 0x7c, 0x0, 0x0,
    0xc, 0xff, 0xff, 0xff, 0x7c, 0x0, 0x0, 0xc,
    0xff, 0xff, 0xff, 0x7c, 0x0, 0x0, 0xc, 0xff,
    0xff, 0xff, 0xdb, 0xb8, 0xa1, 0xc, 0xff, 0xff,
    0xff, 0xff, 0xff, 0xe0, 0xc, 0xff, 0xff, 0xff,
    0xff, 0xff, 0xe0,

    /* U+005C "\\" */
    0x8b, 0xff, 0xff, 0xf2, 0xb, 0x0, 0x0, 0x0,
    0x0, 0x0, 0x0, 0x0, 0x0, 0x28, 0xff, 0xff,
    0xff, 0x61, 0x0, 0x0, 0x0, 0x0, 0x0, 0x0,
    0x0, 0x0, 0x0, 0xc4, 0xff, 0xff, 0xc4, 0x0,
    0x0, 0x0, 0x0, 0x0, 0x0, 0x0, 0x0, 0x0,
    0x61, 0xff, 0xff, 0xff, 0x28, 0x0, 0x0, 0x0,
    0x0, 0x0, 0x0, 0x0, 0x0, 0xc, 0xf2, 0xff,
    0xff, 0x8b, 0x0, 0x0, 0x0, 0x0, 0x0, 0x0,
    0x0, 0x0, 0x0, 0x9b, 0xff, 0xff, 0xe8, 0x5,
    0x0, 0x0, 0x0, 0x0, 0x0, 0x0, 0x0, 0x0,
    0x38, 0xff, 0xff, 0xff, 0x50, 0x0, 0x0, 0x0,
    0x0, 0x0, 0x0, 0x0, 0x0, 0x0, 0xd4, 0xff,
    0xff, 0xb4, 0x0, 0x0, 0x0, 0x0, 0x0, 0x0,
    0x0, 0x0, 0x0, 0x72, 0xff, 0xff, 0xfc, 0x1b,
    0x0, 0x0, 0x0, 0x0, 0x0, 0x0, 0x0, 0x0,
    0x15, 0xf9, 0xff, 0xff, 0x7a, 0x0, 0x0, 0x0,
    0x0, 0x0, 0x0, 0x0, 0x0, 0x0, 0xac, 0xff,
    0xff, 0xdb, 0x1, 0x0, 0x0, 0x0, 0x0, 0x0,
    0x0, 0x0, 0x0, 0x48, 0xff, 0xff, 0xff, 0x40,
    0x0, 0x0, 0x0, 0x0, 0x0, 0x0, 0x0, 0x0,
    0x3, 0xe2, 0xff, 0xff, 0xa4, 0x0, 0x0, 0x0,
    0x0, 0x0, 0x0, 0x0, 0x0, 0x0, 0x82, 0xff,
    0xff, 0xf6, 0x10, 0x0, 0x0, 0x0, 0x0, 0x0,
    0x0, 0x0, 0x0, 0x21, 0xfe, 0xff, 0xff, 0x69,
    0x0, 0x0, 0x0, 0x0, 0x0, 0x0, 0x0, 0x0,
    0x0, 0xbc, 0xff, 0xff, 0xcc, 0x0, 0x0, 0x0,
    0x0, 0x0, 0x0, 0x0, 0x0, 0x0, 0x59, 0xff,
    0xff, 0xff, 0x30, 0x0, 0x0, 0x0, 0x0, 0x0,
    0x0, 0x0, 0x0, 0x8, 0xed, 0xff, 0xff, 0x93,
    0x0, 0x0, 0x0, 0x0, 0x0, 0x0, 0x0, 0x0,
    0x0, 0x93, 0xff, 0xff, 0xed, 0x8, 0x0, 0x0,
    0x0, 0x0, 0x0, 0x0, 0x0, 0x0, 0x2f, 0xff,
    0xff, 0xff, 0x59, 0x0, 0x0, 0x0, 0x0, 0x0,
    0x0, 0x0, 0x0, 0x0, 0xcc, 0xff, 0xff, 0xbc,
    0x0, 0x0, 0x0, 0x0, 0x0, 0x0, 0x0, 0x0,
    0x0, 0x69, 0xff, 0xff, 0xfe, 0x21, 0x0, 0x0,
    0x0, 0x0, 0x0, 0x0, 0x0, 0x0, 0x10, 0xf6,
    0xff, 0xff, 0x82,

    /* U+005D "]" */
    0xd8, 0xff, 0xff, 0xff, 0xff, 0xff, 0x20, 0xd8,
    0xff, 0xff, 0xff, 0xff, 0xff, 0x20, 0x98, 0xb4,
    0xd3, 0xff, 0xff, 0xff, 0x20, 0x0, 0x0, 0x68,
    0xff, 0xff, 0xff, 0x20, 0x0, 0x0, 0x68, 0xff,
    0xff, 0xff, 0x20, 0x0, 0x0, 0x68, 0xff, 0xff,
    0xff, 0x20, 0x0, 0x0, 0x68, 0xff, 0xff, 0xff,
    0x20, 0x0, 0x0, 0x68, 0xff, 0xff, 0xff, 0x20,
    0x0, 0x0, 0x68, 0xff, 0xff, 0xff, 0x20, 0x0,
    0x0, 0x68, 0xff, 0xff, 0xff, 0x20, 0x0, 0x0,
    0x68, 0xff, 0xff, 0xff, 0x20, 0x0, 0x0, 0x68,
    0xff, 0xff, 0xff, 0x20, 0x0, 0x0, 0x68, 0xff,
    0xff, 0xff, 0x20, 0x0, 0x0, 0x68, 0xff, 0xff,
    0xff, 0x20, 0x0, 0x0, 0x68, 0xff, 0xff, 0xff,
    0x20, 0x0, 0x0, 0x68, 0xff, 0xff, 0xff, 0x20,
    0x0, 0x0, 0x68, 0xff, 0xff, 0xff, 0x20, 0x0,
    0x0, 0x68, 0xff, 0xff, 0xff, 0x20, 0x0, 0x0,
    0x68, 0xff, 0xff, 0xff, 0x20, 0x0, 0x0, 0x68,
    0xff, 0xff, 0xff, 0x20, 0x0, 0x0, 0x68, 0xff,
    0xff, 0xff, 0x20, 0x0, 0x0, 0x68, 0xff, 0xff,
    0xff, 0x20, 0x0, 0x0, 0x68, 0xff, 0xff, 0xff,
    0x20, 0x0, 0x0, 0x68, 0xff, 0xff, 0xff, 0x20,
    0x0, 0x0, 0x68, 0xff, 0xff, 0xff, 0x20, 0x0,
    0x0, 0x68, 0xff, 0xff, 0xff, 0x20, 0x9b, 0xb8,
    0xd5, 0xff, 0xff, 0xff, 0x20, 0xd8, 0xff, 0xff,
    0xff, 0xff, 0xff, 0x20, 0xd8, 0xff, 0xff, 0xff,
    0xff, 0xff, 0x20,

    /* U+005E "^" */
    0x0, 0x0, 0x0, 0x0, 0x0, 0x77, 0x80, 0x67,
    0x0, 0x0, 0x0, 0x0, 0x0, 0x0, 0x0, 0x0,
    0x0, 0x3f, 0xff, 0xff, 0xfe, 0x21, 0x0, 0x0,
    0x0, 0x0, 0x0, 0x0, 0x0, 0x0, 0xa9, 0xff,
    0xff, 0xff, 0x89, 0x0, 0x0, 0x0, 0x0, 0x0,
    0x0, 0x0, 0x19, 0xfb, 0xff, 0xff, 0xff, 0xec,
    0x8, 0x0, 0x0, 0x0, 0x0, 0x0, 0x0, 0x7f,
    0xff, 0xff, 0xbd, 0xff, 0xff, 0x5f, 0x0, 0x0,
    0x0, 0x0, 0x0, 0x4, 0xe5, 0xff, 0xe6, 0x19,
    0xf9, 0xff, 0xc9, 0x0, 0x0, 0x0, 0x0, 0x0,
    0x54, 0xff, 0xff, 0x85, 0x0, 0xa9, 0xff, 0xff,
    0x34, 0x0, 0x0, 0x0, 0x0, 0xbf, 0xff, 0xfe,
    0x22, 0x0, 0x45, 0xff, 0xff, 0x9f, 0x0, 0x0,
    0x0, 0x2a, 0xff, 0xff, 0xbb, 0x0, 0x0, 0x2,
    0xde, 0xff, 0xf7, 0x12, 0x0, 0x0, 0x94, 0xff,
    0xff, 0x57, 0x0, 0x0, 0x0, 0x7b, 0xff, 0xff,
    0x74, 0x0, 0xd, 0xf2, 0xff, 0xeb, 0x7, 0x0,
    0x0, 0x0, 0x1b, 0xfc, 0xff, 0xdd, 0x2,

    /* U+005F "_" */
    0xb6, 0xbc, 0xbc, 0xbc, 0xbc, 0xbc, 0xbc, 0xbc,
    0xbc, 0xbc, 0xbc, 0xbc, 0xbc, 0x49, 0xf8, 0xff,
    0xff, 0xff, 0xff, 0xff, 0xff, 0xff, 0xff, 0xff,
    0xff, 0xff, 0xff, 0x64, 0xf8, 0xff, 0xff, 0xff,
    0xff, 0xff, 0xff, 0xff, 0xff, 0xff, 0xff, 0xff,
    0xff, 0x64,

    /* U+0060 "`" */
    0x4, 0x76, 0x80, 0x80, 0x79, 0x3, 0x0, 0x0,
    0x0, 0x4f, 0xfe, 0xff, 0xff, 0x72, 0x0, 0x0,
    0x0, 0x0, 0x6f, 0xff, 0xff, 0xf5, 0x20, 0x0,
    0x0, 0x0, 0x0, 0x92, 0xff, 0xff, 0xb8, 0x0,
    0x0, 0x0, 0x0, 0x3, 0xb1, 0xff, 0xff, 0x5a,

    /* U+0061 "a" */
    0x0, 0x0, 0x0, 0x43, 0xa2, 0xdd, 0xf9, 0xfc,
    0xe5, 0xae, 0x4d, 0x0, 0x0, 0x0, 0x0, 0xb,
    0xae, 0xff, 0xff, 0xff, 0xff, 0xff, 0xff, 0xff,
    0xff, 0xa9, 0x5, 0x0, 0x0, 0xb2, 0xff, 0xff,
    0xff, 0xe1, 0xa8, 0xad, 0xed, 0xff, 0xff, 0xff,
    0x87, 0x0, 0x33, 0xff, 0xff, 0xff, 0x97, 0x3,
    0x0, 0x0, 0x10, 0xd0, 0xff, 0xff, 0xf5, 0xa,
    0x35, 0x90, 0x90, 0x90, 0x17, 0x0, 0x0, 0x0,
    0x0, 0x5c, 0xff, 0xff, 0xff, 0x38, 0x0, 0x0,
    0x0, 0x0, 0x0, 0x0, 0x0, 0x0, 0x0, 0x41,
    0xff, 0xff, 0xff, 0x4b, 0x0, 0x0, 0x4, 0x57,
    0xa8, 0xdb, 0xf6, 0xff, 0xff, 0xff, 0xff, 0xff,
    0xff, 0x4c, 0x0, 0x28, 0xd4, 0xff, 0xff, 0xff,
    0xff, 0xff, 0xff, 0xff, 0xff, 0xff, 0xff, 0x4c,
    0xf, 0xe3, 0xff, 0xff, 0xf6, 0x8c, 0x48, 0x2f,
    0x2c, 0x61, 0xff, 0xff, 0xff, 0x4c, 0x71, 0xff,
    0xff, 0xff, 0x3e, 0x0, 0x0, 0x0, 0x0, 0x40,
    0xff, 0xff, 0xff, 0x4c, 0xae, 0xff, 0xff, 0xda,
    0x0, 0x0, 0x0, 0x0, 0x0, 0x40, 0xff, 0xff,
    0xff, 0x4c, 0xb7, 0xff, 0xff, 0xe2, 0x0, 0x0,
    0x0, 0x0, 0x0, 0x76, 0xff, 0xff, 0xff, 0x4c,
    0x8d, 0xff, 0xff, 0xff, 0x71, 0x1, 0x0, 0x5,
    0x72, 0xfc, 0xff, 0xff, 0xff, 0x4d, 0x28, 0xfa,
    0xff, 0xff, 0xff, 0xe3, 0xcc, 0xf0, 0xff, 0xff,
    0xff, 0xff, 0xff, 0x57, 0x0, 0x5e, 0xfb, 0xff,
    0xff, 0xff, 0xff, 0xff, 0xfe, 0x94, 0xff, 0xff,
    0xff, 0x78, 0x0, 0x0, 0x2e, 0xa4, 0xe5, 0xfc,
    0xef, 0xb4, 0x3b, 0x0, 0xe3, 0xff, 0xff, 0xb7,

    /* U+0062 "b" */
    0x2c, 0xff, 0xff, 0xff, 0x5c, 0x0, 0x0, 0x0,
    0x0, 0x0, 0x0, 0x0, 0x0, 0x0, 0x0, 0x2c,
    0xff, 0xff, 0xff, 0x5c, 0x0, 0x0, 0x0, 0x0,
    0x0, 0x0, 0x0, 0x0, 0x0, 0x0, 0x2c, 0xff,
    0xff, 0xff, 0x5c, 0x0, 0x0, 0x0, 0x0, 0x0,
    0x0, 0x0, 0x0, 0x0, 0x0, 0x2c, 0xff, 0xff,
    0xff, 0x5c, 0x0, 0x0, 0x0, 0x0, 0x0, 0x0,
    0x0, 0x0, 0x0, 0x0, 0x2c, 0xff, 0xff, 0xff,
    0x5c, 0x0, 0x0, 0x0, 0x0, 0x0, 0x0, 0x0,
    0x0, 0x0, 0x0, 0x2c, 0xff, 0xff, 0xff, 0x5c,
    0x0, 0x0, 0x0, 0x0, 0x0, 0x0, 0x0, 0x0,
    0x0, 0x0, 0x2c, 0xff, 0xff, 0xff, 0x5c, 0x30,
    0xaa, 0xea, 0xfe, 0xed, 0xb2, 0x43, 0x0, 0x0,
    0x0, 0x2c, 0xff, 0xff, 0xff, 0xb2, 0xfa, 0xff,
    0xff, 0xff, 0xff, 0xff, 0xff, 0x83, 0x0, 0x0,
    0x2c, 0xff, 0xff, 0xff, 0xff, 0xff, 0xf2, 0xd4,
    0xea, 0xff, 0xff, 0xff, 0xff, 0x58, 0x0, 0x2c,
    0xff, 0xff, 0xff, 0xfe, 0x7a, 0x7, 0x0, 0x1,
    0x5b, 0xf9, 0xff, 0xff, 0xe1, 0x3, 0x2c, 0xff,
    0xff, 0xff, 0x9a, 0x0, 0x0, 0x0, 0x0, 0x0,
    0x80, 0xff, 0xff, 0xff, 0x41, 0x2c, 0xff, 0xff,
    0xff, 0x5d, 0x0, 0x0, 0x0, 0x0, 0x0, 0x1d,
    0xff, 0xff, 0xff, 0x7d, 0x2c, 0xff, 0xff, 0xff,
    0x5c, 0x0, 0x0, 0x0, 0x0, 0x0, 0x0, 0xec,
    0xff, 0xff, 0xa2, 0x2c, 0xff, 0xff, 0xff, 0x5c,
    0x0, 0x0, 0x0, 0x0, 0x0, 0x0, 0xd8, 0xff,
    0xff, 0xb2, 0x2c, 0xff, 0xff, 0xff, 0x5c, 0x0,
    0x0, 0x0, 0x0, 0x0, 0x0, 0xd8, 0xff, 0xff,
    0xb2, 0x2c, 0xff, 0xff, 0xff, 0x5c, 0x0, 0x0,
    0x0, 0x0, 0x0, 0x0, 0xec, 0xff, 0xff, 0xa2,
    0x2c, 0xff, 0xff, 0xff, 0x5d, 0x0, 0x0, 0x0,
    0x0, 0x0, 0x1d, 0xff, 0xff, 0xff, 0x7c, 0x2c,
    0xff, 0xff, 0xff, 0x9c, 0x0, 0x0, 0x0, 0x0,
    0x0, 0x7e, 0xff, 0xff, 0xff, 0x3e, 0x2c, 0xff,
    0xff, 0xff, 0xff, 0x7a, 0x7, 0x0, 0x1, 0x59,
    0xf9, 0xff, 0xff, 0xde, 0x2, 0x2c, 0xff, 0xff,
    0xff, 0xff, 0xff, 0xf5, 0xd8, 0xec, 0xff, 0xff,
    0xff, 0xff, 0x52, 0x0, 0x2c, 0xff, 0xff, 0xff,
    0x83, 0xfa, 0xff, 0xff, 0xff, 0xff, 0xff, 0xff,
    0x7b, 0x0, 0x0, 0x2c, 0xff, 0xff, 0xff, 0x14,
    0x2f, 0xa9, 0xe9, 0xfe, 0xed, 0xb1, 0x3e, 0x0,
    0x0, 0x0,

    /* U+0063 "c" */
    0x0, 0x0, 0x0, 0x17, 0x83, 0xce, 0xf5, 0xfc,
    0xe8, 0xb4, 0x51, 0x1, 0x0, 0x0, 0x0, 0x0,
    0x4c, 0xf0, 0xff, 0xff, 0xff, 0xff, 0xff, 0xff,
    0xff, 0xb5, 0xb, 0x0, 0x0, 0x3f, 0xfb, 0xff,
    0xff, 0xff, 0xdc, 0xcd, 0xf5, 0xff, 0xff, 0xff,
    0xb5, 0x0, 0x5, 0xdd, 0xff, 0xff, 0xea, 0x3b,
    0x0, 0x0, 0xd, 0xa4, 0xff, 0xff, 0xff, 0x47,
    0x53, 0xff, 0xff, 0xff, 0x58, 0x0, 0x0, 0x0,
    0x0, 0x5, 0xde, 0xff, 0xff, 0x9d, 0x9b, 0xff,
    0xff, 0xf1, 0x4, 0x0, 0x0, 0x0, 0x0, 0x0,
    0x7f, 0xd4, 0xd4, 0x9f, 0xc8, 0xff, 0xff, 0xc3,
    0x0, 0x0, 0x0, 0x0, 0x0, 0x0, 0x0, 0x0,
    0x0, 0x0, 0xda, 0xff, 0xff, 0xaf, 0x0, 0x0,
    0x0, 0x0, 0x0, 0x0, 0x0, 0x0, 0x0, 0x0,
    0xda, 0xff, 0xff, 0xaf, 0x0, 0x0, 0x0, 0x0,
    0x0, 0x0, 0x0, 0x0, 0x0, 0x0, 0xc8, 0xff,
    0xff, 0xc3, 0x0, 0x0, 0x0, 0x0, 0x0, 0x0,
    0x0, 0x0, 0x0, 0x0, 0x9b, 0xff, 0xff, 0xef,
    0x3, 0x0, 0x0, 0x0, 0x0, 0x0, 0x3e, 0x6c,
    0x6c, 0x52, 0x51, 0xff, 0xff, 0xff, 0x53, 0x0,
    0x0, 0x0, 0x0, 0x1, 0xca, 0xff, 0xff, 0xaa,
    0x4, 0xda, 0xff, 0xff, 0xea, 0x3d, 0x0, 0x0,
    0xd, 0x95, 0xff, 0xff, 0xff, 0x54, 0x0, 0x3f,
    0xfa, 0xff, 0xff, 0xff, 0xe0, 0xd1, 0xf6, 0xff,
    0xff, 0xff, 0xb7, 0x1, 0x0, 0x0, 0x4c, 0xf0,
    0xff, 0xff, 0xff, 0xff, 0xff, 0xff, 0xff, 0xad,
    0xa, 0x0, 0x0, 0x0, 0x0, 0x17, 0x83, 0xce,
    0xf5, 0xfc, 0xe7, 0xad, 0x48, 0x0, 0x0, 0x0,

    /* U+0064 "d" */
    0x0, 0x0, 0x0, 0x0, 0x0, 0x0, 0x0, 0x0,
    0x0, 0x0, 0x84, 0xff, 0xff, 0xff, 0x8, 0x0,
    0x0, 0x0, 0x0, 0x0, 0x0, 0x0, 0x0, 0x0,
    0x0, 0x84, 0xff, 0xff, 0xff, 0x8, 0x0, 0x0,
    0x0, 0x0, 0x0, 0x0, 0x0, 0x0, 0x0, 0x0,
    0x84, 0xff, 0xff, 0xff, 0x8, 0x0, 0x0, 0x0,
    0x0, 0x0, 0x0, 0x0, 0x0, 0x0, 0x0, 0x84,
    0xff, 0xff, 0xff, 0x8, 0x0, 0x0, 0x0, 0x0,
    0x0, 0x0, 0x0, 0x0, 0x0, 0x0, 0x84, 0xff,
    0xff, 0xff, 0x8, 0x0, 0x0, 0x0, 0x0, 0x0,
    0x0, 0x0, 0x0, 0x0, 0x0, 0x84, 0xff, 0xff,
    0xff, 0x8, 0x0, 0x0, 0x0, 0x44, 0xb3, 0xee,
    0xfc, 0xe5, 0x9f, 0x23, 0x84, 0xff, 0xff, 0xff,
    0x8, 0x0, 0x0, 0x86, 0xff, 0xff, 0xff, 0xff,
    0xff, 0xff, 0xf4, 0xc0, 0xff, 0xff, 0xff, 0x8,
    0x0, 0x64, 0xff, 0xff, 0xff, 0xff, 0xe8, 0xd5,
    0xf6, 0xff, 0xff, 0xff, 0xff, 0xff, 0x8, 0xa,
    0xec, 0xff, 0xff, 0xf8, 0x57, 0x1, 0x0, 0xa,
    0x8b, 0xff, 0xff, 0xff, 0xff, 0x8, 0x58, 0xff,
    0xff, 0xff, 0x73, 0x0, 0x0, 0x0, 0x0, 0x0,
    0xb1, 0xff, 0xff, 0xff, 0x8, 0x99, 0xff, 0xff,
    0xfa, 0xd, 0x0, 0x0, 0x0, 0x0, 0x0, 0x84,
    0xff, 0xff, 0xff, 0x8, 0xbf, 0xff, 0xff, 0xd0,
    0x0, 0x0, 0x0, 0x0, 0x0, 0x0, 0x84, 0xff,
    0xff, 0xff, 0x8, 0xd2, 0xff, 0xff, 0xb9, 0x0,
    0x0, 0x0, 0x0, 0x0, 0x0, 0x84, 0xff, 0xff,
    0xff, 0x8, 0xd2, 0xff, 0xff, 0xb8, 0x0, 0x0,
    0x0, 0x0, 0x0, 0x0, 0x84, 0xff, 0xff, 0xff,
    0x8, 0xbf, 0xff, 0xff, 0xce, 0x0, 0x0, 0x0,
    0x0, 0x0, 0x0, 0x84, 0xff, 0xff, 0xff, 0x8,
    0x99, 0xff, 0xff, 0xf8, 0xb, 0x0, 0x0, 0x0,
    0x0, 0x0, 0x84, 0xff, 0xff, 0xff, 0x8, 0x55,
    0xff, 0xff, 0xff, 0x70, 0x0, 0x0, 0x0, 0x0,
    0x0, 0xb6, 0xff, 0xff, 0xff, 0x8, 0x8, 0xe7,
    0xff, 0xff, 0xf7, 0x59, 0x1, 0x0, 0xe, 0x93,
    0xff, 0xff, 0xff, 0xff, 0x8, 0x0, 0x59, 0xff,
    0xff, 0xff, 0xff, 0xee, 0xdc, 0xfa, 0xff, 0xff,
    0xff, 0xff, 0xff, 0x8, 0x0, 0x0, 0x7a, 0xfe,
    0xff, 0xff, 0xff, 0xff, 0xff, 0xf4, 0x94, 0xff,
    0xff, 0xff, 0x8, 0x0, 0x0, 0x0, 0x3b, 0xb0,
    0xed, 0xfc, 0xe5, 0x9f, 0x23, 0x38, 0xff, 0xff,
    0xff, 0x8,

    /* U+0065 "e" */
    0x0, 0x0, 0x0, 0x9, 0x6c, 0xc3, 0xf1, 0xfd,
    0xec, 0xbb, 0x5e, 0x3, 0x0, 0x0, 0x0, 0x0,
    0x0, 0x2b, 0xdb, 0xff, 0xff, 0xff, 0xff, 0xff,
    0xff, 0xff, 0xc3, 0x12, 0x0, 0x0, 0x0, 0x20,
    0xea, 0xff, 0xff, 0xff, 0xe5, 0xcc, 0xed, 0xff,
    0xff, 0xff, 0xbf, 0x1, 0x0, 0x0, 0xb9, 0xff,
    0xff, 0xfa, 0x5f, 0x1, 0x0, 0x5, 0x83, 0xff,
    0xff, 0xff, 0x56, 0x0, 0x33, 0xff, 0xff, 0xff,
    0x80, 0x0, 0x0, 0x0, 0x0, 0x0, 0xc1, 0xff,
    0xff, 0xb8, 0x0, 0x84, 0xff, 0xff, 0xfe, 0x16,
    0x0, 0x0, 0x0, 0x0, 0x0, 0x70, 0xff, 0xff,
    0xf4, 0x2, 0xb5, 0xff, 0xff, 0xf4, 0x84, 0x84,
    0x84, 0x84, 0x84, 0x84, 0xb0, 0xff, 0xff, 0xff,
    0x18, 0xcc, 0xff, 0xff, 0xff, 0xff, 0xff, 0xff,
    0xff, 0xff, 0xff, 0xff, 0xff, 0xff, 0xff, 0x23,
    0xcf, 0xff, 0xff, 0xff, 0xff, 0xff, 0xff, 0xff,
    0xff, 0xff, 0xff, 0xff, 0xff, 0xff, 0x24, 0xbf,
    0xff, 0xff, 0xd1, 0x0, 0x0, 0x0, 0x0, 0x0,
    0x0, 0x0, 0x0, 0x0, 0x0, 0x0, 0x94, 0xff,
    0xff, 0xfc, 0x16, 0x0, 0x0, 0x0, 0x0, 0x0,
    0x0, 0x0, 0x0, 0x0, 0x0, 0x44, 0xff, 0xff,
    0xff, 0x98, 0x0, 0x0, 0x0, 0x0, 0x0, 0x0,
    0x33, 0x42, 0x0, 0x0, 0x1, 0xc8, 0xff, 0xff,
    0xff, 0x94, 0x11, 0x0, 0x0, 0x8, 0x68, 0xf3,
    0xf8, 0x4e, 0x0, 0x0, 0x26, 0xed, 0xff, 0xff,
    0xff, 0xfa, 0xd1, 0xcf, 0xf6, 0xff, 0xff, 0xff,
    0x85, 0x0, 0x0, 0x0, 0x2a, 0xd3, 0xff, 0xff,
    0xff, 0xff, 0xff, 0xff, 0xff, 0xfc, 0x7d, 0x1,
    0x0, 0x0, 0x0, 0x0, 0x5, 0x5d, 0xb4, 0xe8,
    0xfd, 0xf8, 0xd8, 0x94, 0x2a, 0x0, 0x0, 0x0,

    /* U+0066 "f" */
    0x0, 0x0, 0x0, 0x0, 0x0, 0x22, 0x87, 0xbf,
    0xd1, 0xc4, 0x65, 0x0, 0x0, 0x0, 0x0, 0x5f,
    0xf9, 0xff, 0xff, 0xff, 0xff, 0x96, 0x0, 0x0,
    0x0, 0x31, 0xfc, 0xff, 0xff, 0xff, 0xff, 0xff,
    0x8e, 0x0, 0x0, 0x0, 0xa0, 0xff, 0xff, 0xff,
    0x81, 0x13, 0x4, 0xc, 0x0, 0x0, 0x0, 0xdb,
    0xff, 0xff, 0xc6, 0x0, 0x0, 0x0, 0x0, 0x0,
    0x0, 0x0, 0xee, 0xff, 0xff, 0x9b, 0x0, 0x0,
    0x0, 0x0, 0x0, 0x0, 0x0, 0xf0, 0xff, 0xff,
    0x98, 0x0, 0x0, 0x0, 0x0, 0x60, 0xff, 0xff,
    0xff, 0xff, 0xff, 0xff, 0xff, 0xff, 0xdc, 0x0,
    0x60, 0xff, 0xff, 0xff, 0xff, 0xff, 0xff, 0xff,
    0xff, 0xdc, 0x0, 0x36, 0x90, 0x90, 0xfc, 0xff,
    0xff, 0xd4, 0x90, 0x90, 0x7c, 0x0, 0x0, 0x0,
    0x0, 0xf0, 0xff, 0xff, 0x98, 0x0, 0x0, 0x0,
    0x0, 0x0, 0x0, 0x0, 0xf0, 0xff, 0xff, 0x98,
    0x0, 0x0, 0x0, 0x0, 0x0, 0x0, 0x0, 0xf0,
    0xff, 0xff, 0x98, 0x0, 0x0, 0x0, 0x0, 0x0,
    0x0, 0x0, 0xf0, 0xff, 0xff, 0x98, 0x0, 0x0,
    0x0, 0x0, 0x0, 0x0, 0x0, 0xf0, 0xff, 0xff,
    0x98, 0x0, 0x0, 0x0, 0x0, 0x0, 0x0, 0x0,
    0xf0, 0xff, 0xff, 0x98, 0x0, 0x0, 0x0, 0x0,
    0x0, 0x0, 0x0, 0xf0, 0xff, 0xff, 0x98, 0x0,
    0x0, 0x0, 0x0, 0x0, 0x0, 0x0, 0xf0, 0xff,
    0xff, 0x98, 0x0, 0x0, 0x0, 0x0, 0x0, 0x0,
    0x0, 0xf0, 0xff, 0xff, 0x98, 0x0, 0x0, 0x0,
    0x0, 0x0, 0x0, 0x0, 0xf0, 0xff, 0xff, 0x98,
    0x0, 0x0, 0x0, 0x0, 0x0, 0x0, 0x0, 0xf0,
    0xff, 0xff, 0x98, 0x0, 0x0, 0x0, 0x0, 0x0,
    0x0, 0x0, 0xf0, 0xff, 0xff, 0x98, 0x0, 0x0,
    0x0, 0x0, 0x0, 0x0, 0x0, 0xf0, 0xff, 0xff,
    0x98, 0x0, 0x0, 0x0, 0x0,

    /* U+0067 "g" */
    0x0, 0x0, 0x0, 0x39, 0xab, 0xea, 0xfd, 0xee,
    0xb6, 0x41, 0x14, 0xff, 0xff, 0xff, 0x2c, 0x0,
    0x0, 0x77, 0xfe, 0xff, 0xff, 0xff, 0xff, 0xff,
    0xff, 0xa0, 0xff, 0xff, 0xff, 0x2c, 0x0, 0x53,
    0xff, 0xff, 0xff, 0xff, 0xee, 0xd3, 0xef, 0xff,
    0xff, 0xff, 0xff, 0xff, 0x2c, 0x5, 0xe2, 0xff,
    0xff, 0xfc, 0x6a, 0x3, 0x0, 0x3, 0x66, 0xfa,
    0xff, 0xff, 0xff, 0x2c, 0x4c, 0xff, 0xff, 0xff,
    0x85, 0x0, 0x0, 0x0, 0x0, 0x0, 0x87, 0xff,
    0xff, 0xff, 0x2c, 0x8f, 0xff, 0xff, 0xfe, 0x18,
    0x0, 0x0, 0x0, 0x0, 0x0, 0x5c, 0xff, 0xff,
    0xff, 0x2c, 0xb7, 0xff, 0xff, 0xdb, 0x0, 0x0,
    0x0, 0x0, 0x0, 0x0, 0x5c, 0xff, 0xff, 0xff,
    0x2c, 0xc9, 0xff, 0xff, 0xc2, 0x0, 0x0, 0x0,
    0x0, 0x0, 0x0, 0x5c, 0xff, 0xff, 0xff, 0x2c,
    0xc9, 0xff, 0xff, 0xc1, 0x0, 0x0, 0x0, 0x0,
    0x0, 0x0, 0x5c, 0xff, 0xff, 0xff, 0x2c, 0xb7,
    0xff, 0xff, 0xd8, 0x0, 0x0, 0x0, 0x0, 0x0,
    0x0, 0x5c, 0xff, 0xff, 0xff, 0x2c, 0x8d, 0xff,
    0xff, 0xfd, 0x15, 0x0, 0x0, 0x0, 0x0, 0x0,
    0x5c, 0xff, 0xff, 0xff, 0x2c, 0x48, 0xff, 0xff,
    0xff, 0x82, 0x0, 0x0, 0x0, 0x0, 0x0, 0x8a,
    0xff, 0xff, 0xff, 0x2c, 0x3, 0xdc, 0xff, 0xff,
    0xfc, 0x6a, 0x4, 0x0, 0x6, 0x6c, 0xfb, 0xff,
    0xff, 0xff, 0x2c, 0x0, 0x49, 0xfe, 0xff, 0xff,
    0xff, 0xf2, 0xdc, 0xf5, 0xff, 0xff, 0xff, 0xff,
    0xff, 0x2c, 0x0, 0x0, 0x66, 0xfb, 0xff, 0xff,
    0xff, 0xff, 0xff, 0xfd, 0xba, 0xff, 0xff, 0xff,
    0x2c, 0x0, 0x0, 0x0, 0x2f, 0xa6, 0xe9, 0xfe,
    0xeb, 0xae, 0x37, 0x5d, 0xff, 0xff, 0xff, 0x29,
    0x0, 0x0, 0x0, 0x0, 0x0, 0x0, 0x0, 0x0,
    0x0, 0x0, 0x79, 0xff, 0xff, 0xff, 0x14, 0x0,
    0x0, 0x59, 0x17, 0x0, 0x0, 0x0, 0x0, 0x0,
    0x3, 0xd1, 0xff, 0xff, 0xe1, 0x0, 0x0, 0x3b,
    0xfa, 0xe0, 0x4a, 0x1, 0x0, 0x0, 0x11, 0xa5,
    0xff, 0xff, 0xff, 0x7f, 0x0, 0x0, 0xb1, 0xff,
    0xff, 0xff, 0xe9, 0xc1, 0xca, 0xf8, 0xff, 0xff,
    0xff, 0xd2, 0xa, 0x0, 0x0, 0x11, 0xb2, 0xff,
    0xff, 0xff, 0xff, 0xff, 0xff, 0xff, 0xff, 0xc1,
    0x18, 0x0, 0x0, 0x0, 0x0, 0x0, 0x3c, 0x9b,
    0xd8, 0xf9, 0xfa, 0xe1, 0xaa, 0x4f, 0x1, 0x0,
    0x0, 0x0,

    /* U+0068 "h" */
    0x38, 0xff, 0xff, 0xff, 0x4c, 0x0, 0x0, 0x0,
    0x0, 0x0, 0x0, 0x0, 0x0, 0x0, 0x38, 0xff,
    0xff, 0xff, 0x4c, 0x0, 0x0, 0x0, 0x0, 0x0,
    0x0, 0x0, 0x0, 0x0, 0x38, 0xff, 0xff, 0xff,
    0x4c, 0x0, 0x0, 0x0, 0x0, 0x0, 0x0, 0x0,
    0x0, 0x0, 0x38, 0xff, 0xff, 0xff, 0x4c, 0x0,
    0x0, 0x0, 0x0, 0x0, 0x0, 0x0, 0x0, 0x0,
    0x38, 0xff, 0xff, 0xff, 0x4c, 0x0, 0x0, 0x0,
    0x0, 0x0, 0x0, 0x0, 0x0, 0x0, 0x38, 0xff,
    0xff, 0xff, 0x4c, 0x0, 0x0, 0x0, 0x0, 0x0,
    0x0, 0x0, 0x0, 0x0, 0x38, 0xff, 0xff, 0xff,
    0x4c, 0x12, 0x89, 0xdc, 0xfd, 0xf5, 0xc7, 0x63,
    0x1, 0x0, 0x38, 0xff, 0xff, 0xff, 0x76, 0xe4,
    0xff, 0xff, 0xff, 0xff, 0xff, 0xff, 0x9c, 0x0,
    0x38, 0xff, 0xff, 0xff, 0xfd, 0xff, 0xf2, 0xd4,
    0xed, 0xff, 0xff, 0xff, 0xff, 0x45, 0x38, 0xff,
    0xff, 0xff, 0xfe, 0x76, 0x7, 0x0, 0x2, 0x70,
    0xff, 0xff, 0xff, 0xa1, 0x38, 0xff, 0xff, 0xff,
    0x93, 0x0, 0x0, 0x0, 0x0, 0x0, 0xd0, 0xff,
    0xff, 0xd1, 0x38, 0xff, 0xff, 0xff, 0x4c, 0x0,
    0x0, 0x0, 0x0, 0x0, 0xa5, 0xff, 0xff, 0xe4,
    0x38, 0xff, 0xff, 0xff, 0x4c, 0x0, 0x0, 0x0,
    0x0, 0x0, 0xa0, 0xff, 0xff, 0xe8, 0x38, 0xff,
    0xff, 0xff, 0x4c, 0x0, 0x0, 0x0, 0x0, 0x0,
    0xa0, 0xff, 0xff, 0xe8, 0x38, 0xff, 0xff, 0xff,
    0x4c, 0x0, 0x0, 0x0, 0x0, 0x0, 0xa0, 0xff,
    0xff, 0xe8, 0x38, 0xff, 0xff, 0xff, 0x4c, 0x0,
    0x0, 0x0, 0x0, 0x0, 0xa0, 0xff, 0xff, 0xe8,
    0x38, 0xff, 0xff, 0xff, 0x4c, 0x0, 0x0, 0x0,
    0x0, 0x0, 0xa0, 0xff, 0xff, 0xe8, 0x38, 0xff,
    0xff, 0xff, 0x4c, 0x0, 0x0, 0x0, 0x0, 0x0,
    0xa0, 0xff, 0xff, 0xe8, 0x38, 0xff, 0xff, 0xff,
    0x4c, 0x0, 0x0, 0x0, 0x0, 0x0, 0xa0, 0xff,
    0xff, 0xe8, 0x38, 0xff, 0xff, 0xff, 0x4c, 0x0,
    0x0, 0x0, 0x0, 0x0, 0xa0, 0xff, 0xff, 0xe8,
    0x38, 0xff, 0xff, 0xff, 0x4c, 0x0, 0x0, 0x0,
    0x0, 0x0, 0xa0, 0xff, 0xff, 0xe8, 0x38, 0xff,
    0xff, 0xff, 0x4c, 0x0, 0x0, 0x0, 0x0, 0x0,
    0xa0, 0xff, 0xff, 0xe8,

    /* U+0069 "i" */
    0x0, 0x8b, 0xf6, 0xe5, 0x48, 0x22, 0xff, 0xff,
    0xff, 0xce, 0x14, 0xf9, 0xff, 0xff, 0xb7, 0x0,
    0x43, 0xa6, 0x96, 0x1a, 0x0, 0x0, 0x0, 0x0,
    0x0, 0x0, 0xf4, 0xff, 0xff, 0x98, 0x0, 0xf4,
    0xff, 0xff, 0x98, 0x0, 0xf4, 0xff, 0xff, 0x98,
    0x0, 0xf4, 0xff, 0xff, 0x98, 0x0, 0xf4, 0xff,
    0xff, 0x98, 0x0, 0xf4, 0xff, 0xff, 0x98, 0x0,
    0xf4, 0xff, 0xff, 0x98, 0x0, 0xf4, 0xff, 0xff,
    0x98, 0x0, 0xf4, 0xff, 0xff, 0x98, 0x0, 0xf4,
    0xff, 0xff, 0x98, 0x0, 0xf4, 0xff, 0xff, 0x98,
    0x0, 0xf4, 0xff, 0xff, 0x98, 0x0, 0xf4, 0xff,
    0xff, 0x98, 0x0, 0xf4, 0xff, 0xff, 0x98, 0x0,
    0xf4, 0xff, 0xff, 0x98, 0x0, 0xf4, 0xff, 0xff,
    0x98,

    /* U+006A "j" */
    0x0, 0x0, 0x0, 0x3, 0xa4, 0xf9, 0xda, 0x33,
    0x0, 0x0, 0x0, 0x42, 0xff, 0xff, 0xff, 0xae,
    0x0, 0x0, 0x0, 0x2e, 0xff, 0xff, 0xff, 0x96,
    0x0, 0x0, 0x0, 0x0, 0x55, 0xa9, 0x8c, 0xf,
    0x0, 0x0, 0x0, 0x0, 0x0, 0x0, 0x0, 0x0,
    0x0, 0x0, 0x0, 0x0, 0xff, 0xff, 0xff, 0x88,
    0x0, 0x0, 0x0, 0x0, 0xff, 0xff, 0xff, 0x88,
    0x0, 0x0, 0x0, 0x0, 0xff, 0xff, 0xff, 0x88,
    0x0, 0x0, 0x0, 0x0, 0xff, 0xff, 0xff, 0x88,
    0x0, 0x0, 0x0, 0x0, 0xff, 0xff, 0xff, 0x88,
    0x0, 0x0, 0x0, 0x0, 0xff, 0xff, 0xff, 0x88,
    0x0, 0x0, 0x0, 0x0, 0xff, 0xff, 0xff, 0x88,
    0x0, 0x0, 0x0, 0x0, 0xff, 0xff, 0xff, 0x88,
    0x0, 0x0, 0x0, 0x0, 0xff, 0xff, 0xff, 0x88,
    0x0, 0x0, 0x0, 0x0, 0xff, 0xff, 0xff, 0x88,
    0x0, 0x0, 0x0, 0x0, 0xff, 0xff, 0xff, 0x88,
    0x0, 0x0, 0x0, 0x0, 0xff, 0xff, 0xff, 0x88,
    0x0, 0x0, 0x0, 0x0, 0xff, 0xff, 0xff, 0x88,
    0x0, 0x0, 0x0, 0x0, 0xff, 0xff, 0xff, 0x88,
    0x0, 0x0, 0x0, 0x0, 0xff, 0xff, 0xff, 0x88,
    0x0, 0x0, 0x0, 0x0, 0xff, 0xff, 0xff, 0x88,
    0x0, 0x0, 0x0, 0x0, 0xff, 0xff, 0xff, 0x88,
    0x0, 0x0, 0x0, 0xa, 0xff, 0xff, 0xff, 0x82,
    0x0, 0x0, 0x0, 0x71, 0xff, 0xff, 0xff, 0x61,
    0x39, 0xe3, 0xe6, 0xff, 0xff, 0xff, 0xfa, 0x1a,
    0x3f, 0xff, 0xff, 0xff, 0xff, 0xff, 0x75, 0x0,
    0x32, 0xe5, 0xfd, 0xf2, 0xc0, 0x51, 0x0, 0x0,

    /* U+006B "k" */
    0x2c, 0xff, 0xff, 0xff, 0x60, 0x0, 0x0, 0x0,
    0x0, 0x0, 0x0, 0x0, 0x0, 0x0, 0x0, 0x2c,
    0xff, 0xff, 0xff, 0x60, 0x0, 0x0, 0x0, 0x0,
    0x0, 0x0, 0x0, 0x0, 0x0, 0x0, 0x2c, 0xff,
    0xff, 0xff, 0x60, 0x0, 0x0, 0x0, 0x0, 0x0,
    0x0, 0x0, 0x0, 0x0, 0x0, 0x2c, 0xff, 0xff,
    0xff, 0x60, 0x0, 0x0, 0x0, 0x0, 0x0, 0x0,
    0x0, 0x0, 0x0, 0x0, 0x2c, 0xff, 0xff, 0xff,
    0x60, 0x0, 0x0, 0x0, 0x0, 0x0, 0x0, 0x0,
    0x0, 0x0, 0x0, 0x2c, 0xff, 0xff, 0xff, 0x60,
    0x0, 0x0, 0x0, 0x0, 0x0, 0x0, 0x0, 0x0,
    0x0, 0x0, 0x2c, 0xff, 0xff, 0xff, 0x60, 0x0,
    0x0, 0x0, 0x0, 0x7e, 0xff, 0xff, 0xff, 0xbf,
    0x7, 0x2c, 0xff, 0xff, 0xff, 0x60, 0x0, 0x0,
    0x0, 0x62, 0xff, 0xff, 0xff, 0xd3, 0x10, 0x0,
    0x2c, 0xff, 0xff, 0xff, 0x60, 0x0, 0x0, 0x48,
    0xfc, 0xff, 0xff, 0xe2, 0x1c, 0x0, 0x0, 0x2c,
    0xff, 0xff, 0xff, 0x60, 0x0, 0x34, 0xf4, 0xff,
    0xff, 0xef, 0x2b, 0x0, 0x0, 0x0, 0x2c, 0xff,
    0xff, 0xff, 0x60, 0x22, 0xe9, 0xff, 0xff, 0xf8,
    0x3d, 0x0, 0x0, 0x0, 0x0, 0x2c, 0xff, 0xff,
    0xff, 0x6d, 0xd6, 0xff, 0xff, 0xfe, 0x54, 0x0,
    0x0, 0x0, 0x0, 0x0, 0x2c, 0xff, 0xff, 0xff,
    0xef, 0xff, 0xff, 0xff, 0x84, 0x0, 0x0, 0x0,
    0x0, 0x0, 0x0, 0x2c, 0xff, 0xff, 0xff, 0xff,
    0xff, 0xff, 0xff, 0xd3, 0x8, 0x0, 0x0, 0x0,
    0x0, 0x0, 0x2c, 0xff, 0xff, 0xff, 0xff, 0xff,
    0xff, 0xff, 0xff, 0x90, 0x0, 0x0, 0x0, 0x0,
    0x0, 0x2c, 0xff, 0xff, 0xff, 0xff, 0x9c, 0xbb,
    0xff, 0xff, 0xfe, 0x43, 0x0, 0x0, 0x0, 0x0,
    0x2c, 0xff, 0xff, 0xff, 0xac, 0x2, 0x1b, 0xf0,
    0xff, 0xff, 0xe4, 0x12, 0x0, 0x0, 0x0, 0x2c,
    0xff, 0xff, 0xff, 0x60, 0x0, 0x0, 0x5b, 0xff,
    0xff, 0xff, 0xa9, 0x0, 0x0, 0x0, 0x2c, 0xff,
    0xff, 0xff, 0x60, 0x0, 0x0, 0x0, 0xae, 0xff,
    0xff, 0xff, 0x5b, 0x0, 0x0, 0x2c, 0xff, 0xff,
    0xff, 0x60, 0x0, 0x0, 0x0, 0x15, 0xe9, 0xff,
    0xff, 0xf1, 0x20, 0x0, 0x2c, 0xff, 0xff, 0xff,
    0x60, 0x0, 0x0, 0x0, 0x0, 0x4f, 0xff, 0xff,
    0xff, 0xc0, 0x2, 0x2c, 0xff, 0xff, 0xff, 0x60,
    0x0, 0x0, 0x0, 0x0, 0x0, 0xa0, 0xff, 0xff,
    0xff, 0x76,

    /* U+006C "l" */
    0xf4, 0xff, 0xff, 0x98, 0xf4, 0xff, 0xff, 0x98,
    0xf4, 0xff, 0xff, 0x98, 0xf4, 0xff, 0xff, 0x98,
    0xf4, 0xff, 0xff, 0x98, 0xf4, 0xff, 0xff, 0x98,
    0xf4, 0xff, 0xff, 0x98, 0xf4, 0xff, 0xff, 0x98,
    0xf4, 0xff, 0xff, 0x98, 0xf4, 0xff, 0xff, 0x98,
    0xf4, 0xff, 0xff, 0x98, 0xf4, 0xff, 0xff, 0x98,
    0xf4, 0xff, 0xff, 0x98, 0xf4, 0xff, 0xff, 0x98,
    0xf4, 0xff, 0xff, 0x98, 0xf4, 0xff, 0xff, 0x98,
    0xf4, 0xff, 0xff, 0x98, 0xf4, 0xff, 0xff, 0x98,
    0xf4, 0xff, 0xff, 0x98, 0xf4, 0xff, 0xff, 0x98,
    0xf4, 0xff, 0xff, 0x98, 0xf4, 0xff, 0xff, 0x98,

    /* U+006D "m" */
    0x30, 0xff, 0xff, 0xff, 0x2a, 0x21, 0x96, 0xdc,
    0xfb, 0xf6, 0xca, 0x64, 0x1, 0x0, 0xa, 0x76,
    0xce, 0xf6, 0xfc, 0xdf, 0x95, 0x1b, 0x0, 0x0,
    0x30, 0xff, 0xff, 0xff, 0x87, 0xf5, 0xff, 0xff,
    0xff, 0xff, 0xff, 0xff, 0x9c, 0x1d, 0xd8, 0xff,
    0xff, 0xff, 0xff, 0xff, 0xff, 0xe8, 0x22, 0x0,
    0x30, 0xff, 0xff, 0xff, 0xff, 0xff, 0xeb, 0xd2,
    0xef, 0xff, 0xff, 0xff, 0xff, 0xe7, 0xff, 0xfd,
    0xd9, 0xdb, 0xfe, 0xff, 0xff, 0xff, 0xb1, 0x0,
    0x30, 0xff, 0xff, 0xff, 0xf6, 0x56, 0x1, 0x0,
    0x4, 0x7e, 0xff, 0xff, 0xff, 0xff, 0xca, 0x22,
    0x0, 0x0, 0x22, 0xdc, 0xff, 0xff, 0xfd, 0xf,
    0x30, 0xff, 0xff, 0xff, 0x7c, 0x0, 0x0, 0x0,
    0x0, 0x1, 0xe1, 0xff, 0xff, 0xfc, 0x1a, 0x0,
    0x0, 0x0, 0x0, 0x67, 0xff, 0xff, 0xff, 0x3b,
    0x30, 0xff, 0xff, 0xff, 0x58, 0x0, 0x0, 0x0,
    0x0, 0x0, 0xb9, 0xff, 0xff, 0xd6, 0x0, 0x0,
    0x0, 0x0, 0x0, 0x41, 0xff, 0xff, 0xff, 0x4e,
    0x30, 0xff, 0xff, 0xff, 0x58, 0x0, 0x0, 0x0,
    0x0, 0x0, 0xb4, 0xff, 0xff, 0xd4, 0x0, 0x0,
    0x0, 0x0, 0x0, 0x3c, 0xff, 0xff, 0xff, 0x50,
    0x30, 0xff, 0xff, 0xff, 0x58, 0x0, 0x0, 0x0,
    0x0, 0x0, 0xb4, 0xff, 0xff, 0xd4, 0x0, 0x0,
    0x0, 0x0, 0x0, 0x3c, 0xff, 0xff, 0xff, 0x50,
    0x30, 0xff, 0xff, 0xff, 0x58, 0x0, 0x0, 0x0,
    0x0, 0x0, 0xb4, 0xff, 0xff, 0xd4, 0x0, 0x0,
    0x0, 0x0, 0x0, 0x3c, 0xff, 0xff, 0xff, 0x50,
    0x30, 0xff, 0xff, 0xff, 0x58, 0x0, 0x0, 0x0,
    0x0, 0x0, 0xb4, 0xff, 0xff, 0xd4, 0x0, 0x0,
    0x0, 0x0, 0x0, 0x3c, 0xff, 0xff, 0xff, 0x50,
    0x30, 0xff, 0xff, 0xff, 0x58, 0x0, 0x0, 0x0,
    0x0, 0x0, 0xb4, 0xff, 0xff, 0xd4, 0x0, 0x0,
    0x0, 0x0, 0x0, 0x3c, 0xff, 0xff, 0xff, 0x50,
    0x30, 0xff, 0xff, 0xff, 0x58, 0x0, 0x0, 0x0,
    0x0, 0x0, 0xb4, 0xff, 0xff, 0xd4, 0x0, 0x0,
    0x0, 0x0, 0x0, 0x3c, 0xff, 0xff, 0xff, 0x50,
    0x30, 0xff, 0xff, 0xff, 0x58, 0x0, 0x0, 0x0,
    0x0, 0x0, 0xb4, 0xff, 0xff, 0xd4, 0x0, 0x0,
    0x0, 0x0, 0x0, 0x3c, 0xff, 0xff, 0xff, 0x50,
    0x30, 0xff, 0xff, 0xff, 0x58, 0x0, 0x0, 0x0,
    0x0, 0x0, 0xb4, 0xff, 0xff, 0xd4, 0x0, 0x0,
    0x0, 0x0, 0x0, 0x3c, 0xff, 0xff, 0xff, 0x50,
    0x30, 0xff, 0xff, 0xff, 0x58, 0x0, 0x0, 0x0,
    0x0, 0x0, 0xb4, 0xff, 0xff, 0xd4, 0x0, 0x0,
    0x0, 0x0, 0x0, 0x3c, 0xff, 0xff, 0xff, 0x50,
    0x30, 0xff, 0xff, 0xff, 0x58, 0x0, 0x0, 0x0,
    0x0, 0x0, 0xb4, 0xff, 0xff, 0xd4, 0x0, 0x0,
    0x0, 0x0, 0x0, 0x3c, 0xff, 0xff, 0xff, 0x50,

    /* U+006E "n" */
    0x38, 0xff, 0xff, 0xff, 0x22, 0x16, 0x8a, 0xd9,
    0xfa, 0xf7, 0xce, 0x6e, 0x4, 0x0, 0x38, 0xff,
    0xff, 0xff, 0x6b, 0xec, 0xff, 0xff, 0xff, 0xff,
    0xff, 0xff, 0xa9, 0x0, 0x38, 0xff, 0xff, 0xff,
    0xff, 0xff, 0xf2, 0xd4, 0xeb, 0xff, 0xff, 0xff,
    0xff, 0x4e, 0x38, 0xff, 0xff, 0xff, 0xfc, 0x6e,
    0x5, 0x0, 0x1, 0x69, 0xff, 0xff, 0xff, 0xa6,
    0x38, 0xff, 0xff, 0xff, 0x84, 0x0, 0x0, 0x0,
    0x0, 0x0, 0xce, 0xff, 0xff, 0xd3, 0x38, 0xff,
    0xff, 0xff, 0x50, 0x0, 0x0, 0x0, 0x0, 0x0,
    0xa5, 0xff, 0xff, 0xe6, 0x38, 0xff, 0xff, 0xff,
    0x50, 0x0, 0x0, 0x0, 0x0, 0x0, 0xa0, 0xff,
    0xff, 0xe8, 0x38, 0xff, 0xff, 0xff, 0x50, 0x0,
    0x0, 0x0, 0x0, 0x0, 0xa0, 0xff, 0xff, 0xe8,
    0x38, 0xff, 0xff, 0xff, 0x50, 0x0, 0x0, 0x0,
    0x0, 0x0, 0xa0, 0xff, 0xff, 0xe8, 0x38, 0xff,
    0xff, 0xff, 0x50, 0x0, 0x0, 0x0, 0x0, 0x0,
    0xa0, 0xff, 0xff, 0xe8, 0x38, 0xff, 0xff, 0xff,
    0x50, 0x0, 0x0, 0x0, 0x0, 0x0, 0xa0, 0xff,
    0xff, 0xe8, 0x38, 0xff, 0xff, 0xff, 0x50, 0x0,
    0x0, 0x0, 0x0, 0x0, 0xa0, 0xff, 0xff, 0xe8,
    0x38, 0xff, 0xff, 0xff, 0x50, 0x0, 0x0, 0x0,
    0x0, 0x0, 0xa0, 0xff, 0xff, 0xe8, 0x38, 0xff,
    0xff, 0xff, 0x50, 0x0, 0x0, 0x0, 0x0, 0x0,
    0xa0, 0xff, 0xff, 0xe8, 0x38, 0xff, 0xff, 0xff,
    0x50, 0x0, 0x0, 0x0, 0x0, 0x0, 0xa0, 0xff,
    0xff, 0xe8, 0x38, 0xff, 0xff, 0xff, 0x50, 0x0,
    0x0, 0x0, 0x0, 0x0, 0xa0, 0xff, 0xff, 0xe8,

    /* U+006F "o" */
    0x0, 0x0, 0x0, 0xa, 0x6f, 0xc3, 0xef, 0xfe,
    0xef, 0xc4, 0x6f, 0xc, 0x0, 0x0, 0x0, 0x0,
    0x0, 0x35, 0xe1, 0xff, 0xff, 0xff, 0xff, 0xff,
    0xff, 0xff, 0xe2, 0x39, 0x0, 0x0, 0x0, 0x2a,
    0xf2, 0xff, 0xff, 0xff, 0xe9, 0xca, 0xe9, 0xff,
    0xff, 0xff, 0xf4, 0x2f, 0x0, 0x1, 0xcb, 0xff,
    0xff, 0xfa, 0x63, 0x2, 0x0, 0x2, 0x65, 0xfb,
    0xff, 0xff, 0xd0, 0x2, 0x43, 0xff, 0xff, 0xff,
    0x7b, 0x0, 0x0, 0x0, 0x0, 0x0, 0x7c, 0xff,
    0xff, 0xff, 0x49, 0x92, 0xff, 0xff, 0xf9, 0xe,
    0x0, 0x0, 0x0, 0x0, 0x0, 0xe, 0xf9, 0xff,
    0xff, 0x97, 0xc4, 0xff, 0xff, 0xcb, 0x0, 0x0,
    0x0, 0x0, 0x0, 0x0, 0x0, 0xc8, 0xff, 0xff,
    0xc8, 0xd9, 0xff, 0xff, 0xb2, 0x0, 0x0, 0x0,
    0x0, 0x0, 0x0, 0x0, 0xae, 0xff, 0xff, 0xdc,
    0xd9, 0xff, 0xff, 0xb2, 0x0, 0x0, 0x0, 0x0,
    0x0, 0x0, 0x0, 0xae, 0xff, 0xff, 0xdc, 0xc4,
    0xff, 0xff, 0xc9, 0x0, 0x0, 0x0, 0x0, 0x0,
    0x0, 0x0, 0xc7, 0xff, 0xff, 0xc8, 0x92, 0xff,
    0xff, 0xf8, 0xd, 0x0, 0x0, 0x0, 0x0, 0x0,
    0xd, 0xf7, 0xff, 0xff, 0x96, 0x43, 0xff, 0xff,
    0xff, 0x77, 0x0, 0x0, 0x0, 0x0, 0x0, 0x77,
    0xff, 0xff, 0xff, 0x49, 0x1, 0xc8, 0xff, 0xff,
    0xfa, 0x65, 0x3, 0x0, 0x2, 0x63, 0xfa, 0xff,
    0xff, 0xce, 0x2, 0x0, 0x29, 0xf0, 0xff, 0xff,
    0xff, 0xec, 0xce, 0xec, 0xff, 0xff, 0xff, 0xf2,
    0x2d, 0x0, 0x0, 0x0, 0x32, 0xdd, 0xff, 0xff,
    0xff, 0xff, 0xff, 0xff, 0xff, 0xe1, 0x35, 0x0,
    0x0, 0x0, 0x0, 0x0, 0x9, 0x6b, 0xc0, 0xef,
    0xfe, 0xef, 0xc4, 0x6f, 0xa, 0x0, 0x0, 0x0,

    /* U+0070 "p" */
    0x2c, 0xff, 0xff, 0xff, 0x1f, 0x33, 0xab, 0xeb,
    0xfe, 0xeb, 0xaf, 0x3e, 0x0, 0x0, 0x0, 0x2c,
    0xff, 0xff, 0xff, 0x95, 0xfc, 0xff, 0xff, 0xff,
    0xff, 0xff, 0xff, 0x7b, 0x0, 0x0, 0x2c, 0xff,
    0xff, 0xff, 0xff, 0xff, 0xef, 0xd3, 0xef, 0xff,
    0xff, 0xff, 0xff, 0x54, 0x0, 0x2c, 0xff, 0xff,
    0xff, 0xfa, 0x65, 0x3, 0x0, 0x4, 0x70, 0xfe,
    0xff, 0xff, 0xde, 0x2, 0x2c, 0xff, 0xff, 0xff,
    0x86, 0x0, 0x0, 0x0, 0x0, 0x0, 0x96, 0xff,
    0xff, 0xff, 0x3d, 0x2c, 0xff, 0xff, 0xff, 0x5c,
    0x0, 0x0, 0x0, 0x0, 0x0, 0x2a, 0xff, 0xff,
    0xff, 0x7a, 0x2c, 0xff, 0xff, 0xff, 0x5c, 0x0,
    0x0, 0x0, 0x0, 0x0, 0x1, 0xf2, 0xff, 0xff,
    0x9e, 0x2c, 0xff, 0xff, 0xff, 0x5c, 0x0, 0x0,
    0x0, 0x0, 0x0, 0x0, 0xdd, 0xff, 0xff, 0xae,
    0x2c, 0xff, 0xff, 0xff, 0x5c, 0x0, 0x0, 0x0,
    0x0, 0x0, 0x0, 0xdd, 0xff, 0xff, 0xae, 0x2c,
    0xff, 0xff, 0xff, 0x5c, 0x0, 0x0, 0x0, 0x0,
    0x0, 0x1, 0xf3, 0xff, 0xff, 0x9b, 0x2c, 0xff,
    0xff, 0xff, 0x5c, 0x0, 0x0, 0x0, 0x0, 0x0,
    0x2b, 0xff, 0xff, 0xff, 0x75, 0x2c, 0xff, 0xff,
    0xff, 0x85, 0x0, 0x0, 0x0, 0x0, 0x0, 0x95,
    0xff, 0xff, 0xff, 0x36, 0x2c, 0xff, 0xff, 0xff,
    0xf9, 0x5f, 0x2, 0x0, 0x2, 0x6b, 0xfe, 0xff,
    0xff, 0xd4, 0x1, 0x2c, 0xff, 0xff, 0xff, 0xff,
    0xff, 0xec, 0xd0, 0xeb, 0xff, 0xff, 0xff, 0xfe,
    0x46, 0x0, 0x2c, 0xff, 0xff, 0xff, 0xba, 0xfd,
    0xff, 0xff, 0xff, 0xff, 0xff, 0xfd, 0x6b, 0x0,
    0x0, 0x2c, 0xff, 0xff, 0xff, 0x5c, 0x35, 0xac,
    0xeb, 0xfe, 0xeb, 0xac, 0x38, 0x0, 0x0, 0x0,
    0x2c, 0xff, 0xff, 0xff, 0x5c, 0x0, 0x0, 0x0,
    0x0, 0x0, 0x0, 0x0, 0x0, 0x0, 0x0, 0x2c,
    0xff, 0xff, 0xff, 0x5c, 0x0, 0x0, 0x0, 0x0,
    0x0, 0x0, 0x0, 0x0, 0x0, 0x0, 0x2c, 0xff,
    0xff, 0xff, 0x5c, 0x0, 0x0, 0x0, 0x0, 0x0,
    0x0, 0x0, 0x0, 0x0, 0x0, 0x2c, 0xff, 0xff,
    0xff, 0x5c, 0x0, 0x0, 0x0, 0x0, 0x0, 0x0,
    0x0, 0x0, 0x0, 0x0, 0x2c, 0xff, 0xff, 0xff,
    0x5c, 0x0, 0x0, 0x0, 0x0, 0x0, 0x0, 0x0,
    0x0, 0x0, 0x0, 0x2c, 0xff, 0xff, 0xff, 0x5c,
    0x0, 0x0, 0x0, 0x0, 0x0, 0x0, 0x0, 0x0,
    0x0, 0x0,

    /* U+0071 "q" */
    0x0, 0x0, 0x0, 0x48, 0xb7, 0xee, 0xfd, 0xe8,
    0xa5, 0x2b, 0x30, 0xff, 0xff, 0xff, 0x8, 0x0,
    0x0, 0x90, 0xff, 0xff, 0xff, 0xff, 0xff, 0xff,
    0xf8, 0x9f, 0xff, 0xff, 0xff, 0x8, 0x0, 0x6c,
    0xff, 0xff, 0xff, 0xff, 0xe2, 0xcc, 0xee, 0xff,
    0xff, 0xff, 0xff, 0xff, 0x8, 0xc, 0xef, 0xff,
    0xff, 0xf6, 0x50, 0x0, 0x0, 0x4, 0x74, 0xfe,
    0xff, 0xff, 0xff, 0x8, 0x5c, 0xff, 0xff, 0xff,
    0x72, 0x0, 0x0, 0x0, 0x0, 0x0, 0xa1, 0xff,
    0xff, 0xff, 0x8, 0x9c, 0xff, 0xff, 0xfa, 0xd,
    0x0, 0x0, 0x0, 0x0, 0x0, 0x88, 0xff, 0xff,
    0xff, 0x8, 0xc2, 0xff, 0xff, 0xcf, 0x0, 0x0,
    0x0, 0x0, 0x0, 0x0, 0x88, 0xff, 0xff, 0xff,
    0x8, 0xd2, 0xff, 0xff, 0xb9, 0x0, 0x0, 0x0,
    0x0, 0x0, 0x0, 0x88, 0xff, 0xff, 0xff, 0x8,
    0xd2, 0xff, 0xff, 0xb8, 0x0, 0x0, 0x0, 0x0,
    0x0, 0x0, 0x88, 0xff, 0xff, 0xff, 0x8, 0xbf,
    0xff, 0xff, 0xce, 0x0, 0x0, 0x0, 0x0, 0x0,
    0x0, 0x88, 0xff, 0xff, 0xff, 0x8, 0x99, 0xff,
    0xff, 0xf9, 0xc, 0x0, 0x0, 0x0, 0x0, 0x0,
    0x88, 0xff, 0xff, 0xff, 0x8, 0x55, 0xff, 0xff,
    0xff, 0x72, 0x0, 0x0, 0x0, 0x0, 0x0, 0xa6,
    0xff, 0xff, 0xff, 0x8, 0x8, 0xe8, 0xff, 0xff,
    0xf7, 0x53, 0x0, 0x0, 0x7, 0x7b, 0xff, 0xff,
    0xff, 0xff, 0x8, 0x0, 0x5e, 0xff, 0xff, 0xff,
    0xff, 0xe4, 0xd0, 0xf2, 0xff, 0xff, 0xff, 0xff,
    0xff, 0x8, 0x0, 0x0, 0x7f, 0xff, 0xff, 0xff,
    0xff, 0xff, 0xff, 0xf7, 0xcb, 0xff, 0xff, 0xff,
    0x8, 0x0, 0x0, 0x0, 0x3f, 0xb2, 0xee, 0xfd,
    0xe7, 0xa3, 0x29, 0x88, 0xff, 0xff, 0xff, 0x8,
    0x0, 0x0, 0x0, 0x0, 0x0, 0x0, 0x0, 0x0,
    0x0, 0x0, 0x88, 0xff, 0xff, 0xff, 0x8, 0x0,
    0x0, 0x0, 0x0, 0x0, 0x0, 0x0, 0x0, 0x0,
    0x0, 0x88, 0xff, 0xff, 0xff, 0x8, 0x0, 0x0,
    0x0, 0x0, 0x0, 0x0, 0x0, 0x0, 0x0, 0x0,
    0x88, 0xff, 0xff, 0xff, 0x8, 0x0, 0x0, 0x0,
    0x0, 0x0, 0x0, 0x0, 0x0, 0x0, 0x0, 0x88,
    0xff, 0xff, 0xff, 0x8, 0x0, 0x0, 0x0, 0x0,
    0x0, 0x0, 0x0, 0x0, 0x0, 0x0, 0x88, 0xff,
    0xff, 0xff, 0x8, 0x0, 0x0, 0x0, 0x0, 0x0,
    0x0, 0x0, 0x0, 0x0, 0x0, 0x88, 0xff, 0xff,
    0xff, 0x8,

    /* U+0072 "r" */
    0x2c, 0xff, 0xff, 0xff, 0x3a, 0x37, 0xbe, 0xf8,
    0xf3, 0x2c, 0x2c, 0xff, 0xff, 0xff, 0x86, 0xf9,
    0xff, 0xff, 0xff, 0x33, 0x2c, 0xff, 0xff, 0xff,
    0xff, 0xff, 0xff, 0xff, 0xff, 0x30, 0x2c, 0xff,
    0xff, 0xff, 0xff, 0xe0, 0x7e, 0x5a, 0x5e, 0x14,
    0x2c, 0xff, 0xff, 0xff, 0xcf, 0xd, 0x0, 0x0,
    0x0, 0x0, 0x2c, 0xff, 0xff, 0xff, 0x6a, 0x0,
    0x0, 0x0, 0x0, 0x0, 0x2c, 0xff, 0xff, 0xff,
    0x5c, 0x0, 0x0, 0x0, 0x0, 0x0, 0x2c, 0xff,
    0xff, 0xff, 0x5c, 0x0, 0x0, 0x0, 0x0, 0x0,
    0x2c, 0xff, 0xff, 0xff, 0x5c, 0x0, 0x0, 0x0,
    0x0, 0x0, 0x2c, 0xff, 0xff, 0xff, 0x5c, 0x0,
    0x0, 0x0, 0x0, 0x0, 0x2c, 0xff, 0xff, 0xff,
    0x5c, 0x0, 0x0, 0x0, 0x0, 0x0, 0x2c, 0xff,
    0xff, 0xff, 0x5c, 0x0, 0x0, 0x0, 0x0, 0x0,
    0x2c, 0xff, 0xff, 0xff, 0x5c, 0x0, 0x0, 0x0,
    0x0, 0x0, 0x2c, 0xff, 0xff, 0xff, 0x5c, 0x0,
    0x0, 0x0, 0x0, 0x0, 0x2c, 0xff, 0xff, 0xff,
    0x5c, 0x0, 0x0, 0x0, 0x0, 0x0, 0x2c, 0xff,
    0xff, 0xff, 0x5c, 0x0, 0x0, 0x0, 0x0, 0x0,

    /* U+0073 "s" */
    0x0, 0x0, 0x4, 0x5f, 0xb8, 0xeb, 0xfe, 0xf6,
    0xd6, 0x95, 0x2a, 0x0, 0x0, 0x0, 0x0, 0x16,
    0xca, 0xff, 0xff, 0xff, 0xff, 0xff, 0xff, 0xff,
    0xfc, 0x76, 0x0, 0x0, 0x1, 0xc0, 0xff, 0xff,
    0xff, 0xc4, 0x98, 0xa8, 0xf4, 0xff, 0xff, 0xff,
    0x58, 0x0, 0x39, 0xff, 0xff, 0xff, 0x70, 0x0,
    0x0, 0x0, 0x1e, 0xe6, 0xff, 0xff, 0xd6, 0x0,
    0x64, 0xff, 0xff, 0xff, 0x13, 0x0, 0x0, 0x0,
    0x0, 0x7c, 0xec, 0xec, 0xec, 0xb, 0x4c, 0xff,
    0xff, 0xff, 0x74, 0x1, 0x0, 0x0, 0x0, 0x0,
    0x0, 0x0, 0x0, 0x0, 0x6, 0xd9, 0xff, 0xff,
    0xff, 0xd6, 0x87, 0x4e, 0x12, 0x0, 0x0, 0x0,
    0x0, 0x0, 0x0, 0x21, 0xcf, 0xff, 0xff, 0xff,
    0xff, 0xff, 0xfd, 0xc2, 0x5d, 0x4, 0x0, 0x0,
    0x0, 0x0, 0x3, 0x57, 0xb2, 0xf6, 0xff, 0xff,
    0xff, 0xff, 0xff, 0xca, 0x16, 0x0, 0x0, 0x0,
    0x0, 0x0, 0x0, 0x6, 0x3b, 0x7b, 0xd6, 0xff,
    0xff, 0xff, 0xb6, 0x0, 0x25, 0x28, 0x28, 0x14,
    0x0, 0x0, 0x0, 0x0, 0x3, 0xa5, 0xff, 0xff,
    0xff, 0x14, 0xde, 0xff, 0xff, 0x9c, 0x0, 0x0,
    0x0, 0x0, 0x0, 0x54, 0xff, 0xff, 0xff, 0x28,
    0x94, 0xff, 0xff, 0xf7, 0x41, 0x0, 0x0, 0x0,
    0x5, 0xaf, 0xff, 0xff, 0xf6, 0x9, 0x18, 0xe9,
    0xff, 0xff, 0xff, 0xc8, 0x9e, 0xa5, 0xe1, 0xff,
    0xff, 0xff, 0x8b, 0x0, 0x0, 0x2b, 0xda, 0xff,
    0xff, 0xff, 0xff, 0xff, 0xff, 0xff, 0xff, 0x9f,
    0x5, 0x0, 0x0, 0x0, 0x7, 0x69, 0xbd, 0xeb,
    0xfd, 0xf8, 0xda, 0x9d, 0x3b, 0x0, 0x0, 0x0,

    /* U+0074 "t" */
    0x0, 0x0, 0x48, 0xff, 0xff, 0xff, 0x40, 0x0,
    0x0, 0x0, 0x0, 0x0, 0x48, 0xff, 0xff, 0xff,
    0x40, 0x0, 0x0, 0x0, 0x0, 0x0, 0x48, 0xff,
    0xff, 0xff, 0x40, 0x0, 0x0, 0x0, 0x0, 0x0,
    0x48, 0xff, 0xff, 0xff, 0x40, 0x0, 0x0, 0x0,
    0xdc, 0xff, 0xff, 0xff, 0xff, 0xff, 0xff, 0xff,
    0xff, 0x14, 0xdc, 0xff, 0xff, 0xff, 0xff, 0xff,
    0xff, 0xff, 0xff, 0x14, 0x7c, 0x90, 0xb0, 0xff,
    0xff, 0xff, 0xac, 0x90, 0x90, 0xb, 0x0, 0x0,
    0x48, 0xff, 0xff, 0xff, 0x40, 0x0, 0x0, 0x0,
    0x0, 0x0, 0x48, 0xff, 0xff, 0xff, 0x40, 0x0,
    0x0, 0x0, 0x0, 0x0, 0x48, 0xff, 0xff, 0xff,
    0x40, 0x0, 0x0, 0x0, 0x0, 0x0, 0x48, 0xff,
    0xff, 0xff, 0x40, 0x0, 0x0, 0x0, 0x0, 0x0,
    0x48, 0xff, 0xff, 0xff, 0x40, 0x0, 0x0, 0x0,
    0x0, 0x0, 0x48, 0xff, 0xff, 0xff, 0x40, 0x0,
    0x0, 0x0, 0x0, 0x0, 0x48, 0xff, 0xff, 0xff,
    0x40, 0x0, 0x0, 0x0, 0x0, 0x0, 0x48, 0xff,
    0xff, 0xff, 0x40, 0x0, 0x0, 0x0, 0x0, 0x0,
    0x47, 0xff, 0xff, 0xff, 0x43, 0x0, 0x0, 0x0,
    0x0, 0x0, 0x37, 0xff, 0xff, 0xff, 0x8c, 0x0,
    0x0, 0x0, 0x0, 0x0, 0xb, 0xf6, 0xff, 0xff,
    0xff, 0xec, 0xeb, 0x34, 0x0, 0x0, 0x0, 0x82,
    0xff, 0xff, 0xff, 0xff, 0xff, 0x37, 0x0, 0x0,
    0x0, 0x1, 0x6d, 0xd3, 0xfb, 0xf9, 0xd9, 0x27,

    /* U+0075 "u" */
    0x40, 0xff, 0xff, 0xff, 0x48, 0x0, 0x0, 0x0,
    0x0, 0x0, 0xa4, 0xff, 0xff, 0xe4, 0x40, 0xff,
    0xff, 0xff, 0x48, 0x0, 0x0, 0x0, 0x0, 0x0,
    0xa4, 0xff, 0xff, 0xe4, 0x40, 0xff, 0xff, 0xff,
    0x48, 0x0, 0x0, 0x0, 0x0, 0x0, 0xa4, 0xff,
    0xff, 0xe4, 0x40, 0xff, 0xff, 0xff, 0x48, 0x0,
    0x0, 0x0, 0x0, 0x0, 0xa4, 0xff, 0xff, 0xe4,
    0x40, 0xff, 0xff, 0xff, 0x48, 0x0, 0x0, 0x0,
    0x0, 0x0, 0xa4, 0xff, 0xff, 0xe4, 0x40, 0xff,
    0xff, 0xff, 0x48, 0x0, 0x0, 0x0, 0x0, 0x0,
    0xa4, 0xff, 0xff, 0xe4, 0x40, 0xff, 0xff, 0xff,
    0x48, 0x0, 0x0, 0x0, 0x0, 0x0, 0xa4, 0xff,
    0xff, 0xe4, 0x40, 0xff, 0xff, 0xff, 0x48, 0x0,
    0x0, 0x0, 0x0, 0x0, 0xa4, 0xff, 0xff, 0xe4,
    0x40, 0xff, 0xff, 0xff, 0x48, 0x0, 0x0, 0x0,
    0x0, 0x0, 0xa4, 0xff, 0xff, 0xe4, 0x40, 0xff,
    0xff, 0xff, 0x48, 0x0, 0x0, 0x0, 0x0, 0x0,
    0xa4, 0xff, 0xff, 0xe4, 0x3d, 0xff, 0xff, 0xff,
    0x4c, 0x0, 0x0, 0x0, 0x0, 0x0, 0xa4, 0xff,
    0xff, 0xe4, 0x29, 0xff, 0xff, 0xff, 0x79, 0x0,
    0x0, 0x0, 0x0, 0x0, 0xca, 0xff, 0xff, 0xe4,
    0x5, 0xf2, 0xff, 0xff, 0xea, 0x2e, 0x0, 0x0,
    0x16, 0x9a, 0xff, 0xff, 0xff, 0xe4, 0x0, 0x95,
    0xff, 0xff, 0xff, 0xff, 0xe0, 0xe3, 0xfe, 0xff,
    0xff, 0xff, 0xff, 0xe4, 0x0, 0x12, 0xd4, 0xff,
    0xff, 0xff, 0xff, 0xff, 0xff, 0xec, 0xb8, 0xff,
    0xff, 0xe4, 0x0, 0x0, 0xd, 0x81, 0xd4, 0xfa,
    0xfa, 0xd9, 0x8f, 0x19, 0x76, 0xff, 0xff, 0xe4,

    /* U+0076 "v" */
    0x80, 0xff, 0xff, 0xff, 0x26, 0x0, 0x0, 0x0,
    0x0, 0x0, 0x4a, 0xff, 0xff, 0xff, 0x58, 0x28,
    0xff, 0xff, 0xff, 0x72, 0x0, 0x0, 0x0, 0x0,
    0x0, 0x95, 0xff, 0xff, 0xf5, 0xb, 0x0, 0xcf,
    0xff, 0xff, 0xbf, 0x0, 0x0, 0x0, 0x0, 0x0,
    0xe1, 0xff, 0xff, 0xa8, 0x0, 0x0, 0x76, 0xff,
    0xff, 0xfc, 0x10, 0x0, 0x0, 0x0, 0x2d, 0xff,
    0xff, 0xff, 0x50, 0x0, 0x0, 0x1f, 0xff, 0xff,
    0xff, 0x58, 0x0, 0x0, 0x0, 0x79, 0xff, 0xff,
    0xf1, 0x7, 0x0, 0x0, 0x0, 0xc5, 0xff, 0xff,
    0xa6, 0x0, 0x0, 0x0, 0xc4, 0xff, 0xff, 0xa0,
    0x0, 0x0, 0x0, 0x0, 0x6d, 0xff, 0xff, 0xee,
    0x3, 0x0, 0x13, 0xfd, 0xff, 0xff, 0x48, 0x0,
    0x0, 0x0, 0x0, 0x17, 0xfd, 0xff, 0xff, 0x3e,
    0x0, 0x5a, 0xff, 0xff, 0xec, 0x4, 0x0, 0x0,
    0x0, 0x0, 0x0, 0xbc, 0xff, 0xff, 0x8a, 0x0,
    0xa7, 0xff, 0xff, 0x98, 0x0, 0x0, 0x0, 0x0,
    0x0, 0x0, 0x64, 0xff, 0xff, 0xd6, 0x4, 0xef,
    0xff, 0xff, 0x40, 0x0, 0x0, 0x0, 0x0, 0x0,
    0x0, 0x12, 0xf9, 0xff, 0xff, 0x61, 0xff, 0xff,
    0xe6, 0x2, 0x0, 0x0, 0x0, 0x0, 0x0, 0x0,
    0x0, 0xb2, 0xff, 0xff, 0xe9, 0xff, 0xff, 0x90,
    0x0, 0x0, 0x0, 0x0, 0x0, 0x0, 0x0, 0x0,
    0x5a, 0xff, 0xff, 0xff, 0xff, 0xff, 0x38, 0x0,
    0x0, 0x0, 0x0, 0x0, 0x0, 0x0, 0x0, 0xc,
    0xf6, 0xff, 0xff, 0xff, 0xdf, 0x1, 0x0, 0x0,
    0x0, 0x0, 0x0, 0x0, 0x0, 0x0, 0x0, 0xa9,
    0xff, 0xff, 0xff, 0x88, 0x0, 0x0, 0x0, 0x0,
    0x0, 0x0, 0x0, 0x0, 0x0, 0x0, 0x51, 0xff,
    0xff, 0xff, 0x30, 0x0, 0x0, 0x0, 0x0, 0x0,

    /* U+0077 "w" */
    0x5a, 0xff, 0xff, 0xff, 0x15, 0x0, 0x0, 0x0,
    0x0, 0x5e, 0xff, 0xff, 0x91, 0x0, 0x0, 0x0,
    0x0, 0x0, 0xe1, 0xff, 0xff, 0x8e, 0x16, 0xff,
    0xff, 0xff, 0x4f, 0x0, 0x0, 0x0, 0x0, 0xa9,
    0xff, 0xff, 0xdd, 0x0, 0x0, 0x0, 0x0, 0x1a,
    0xff, 0xff, 0xff, 0x4a, 0x0, 0xd1, 0xff, 0xff,
    0x8a, 0x0, 0x0, 0x0, 0x4, 0xf0, 0xff, 0xff,
    0xff, 0x28, 0x0, 0x0, 0x0, 0x53, 0xff, 0xff,
    0xfa, 0xb, 0x0, 0x8b, 0xff, 0xff, 0xc5, 0x0,
    0x0, 0x0, 0x3f, 0xff, 0xff, 0xff, 0xff, 0x74,
    0x0, 0x0, 0x0, 0x8d, 0xff, 0xff, 0xc0, 0x0,
    0x0, 0x46, 0xff, 0xff, 0xf8, 0x7, 0x0, 0x0,
    0x8c, 0xff, 0xff, 0xff, 0xff, 0xbf, 0x0, 0x0,
    0x0, 0xc5, 0xff, 0xff, 0x7b, 0x0, 0x0, 0xa,
    0xf8, 0xff, 0xff, 0x3b, 0x0, 0x0, 0xd5, 0xff,
    0xe4, 0xba, 0xff, 0xfc, 0x10, 0x0, 0x7, 0xf8,
    0xff, 0xff, 0x37, 0x0, 0x0, 0x0, 0xbe, 0xff,
    0xff, 0x75, 0x0, 0x21, 0xff, 0xff, 0x96, 0x6c,
    0xff, 0xff, 0x56, 0x0, 0x37, 0xff, 0xff, 0xf0,
    0x3, 0x0, 0x0, 0x0, 0x7a, 0xff, 0xff, 0xae,
    0x0, 0x6c, 0xff, 0xff, 0x4a, 0x1f, 0xff, 0xff,
    0xa1, 0x0, 0x72, 0xff, 0xff, 0xae, 0x0, 0x0,
    0x0, 0x0, 0x34, 0xff, 0xff, 0xe8, 0x0, 0xb7,
    0xff, 0xf5, 0x8, 0x0, 0xd0, 0xff, 0xea, 0x2,
    0xac, 0xff, 0xff, 0x6a, 0x0, 0x0, 0x0, 0x0,
    0x2, 0xed, 0xff, 0xff, 0x2e, 0xf7, 0xff, 0xb0,
    0x0, 0x0, 0x82, 0xff, 0xff, 0x39, 0xe4, 0xff,
    0xff, 0x24, 0x0, 0x0, 0x0, 0x0, 0x0, 0xaa,
    0xff, 0xff, 0xab, 0xff, 0xff, 0x63, 0x0, 0x0,
    0x34, 0xff, 0xff, 0xa1, 0xff, 0xff, 0xe1, 0x0,
    0x0, 0x0, 0x0, 0x0, 0x0, 0x65, 0xff, 0xff,
    0xff, 0xff, 0xfe, 0x18, 0x0, 0x0, 0x1, 0xe5,
    0xff, 0xfd, 0xff, 0xff, 0x9c, 0x0, 0x0, 0x0,
    0x0, 0x0, 0x0, 0x21, 0xff, 0xff, 0xff, 0xff,
    0xca, 0x0, 0x0, 0x0, 0x0, 0x99, 0xff, 0xff,
    0xff, 0xff, 0x57, 0x0, 0x0, 0x0, 0x0, 0x0,
    0x0, 0x0, 0xdc, 0xff, 0xff, 0xff, 0x7d, 0x0,
    0x0, 0x0, 0x0, 0x4b, 0xff, 0xff, 0xff, 0xfe,
    0x15, 0x0, 0x0, 0x0, 0x0, 0x0, 0x0, 0x0,
    0x97, 0xff, 0xff, 0xff, 0x2f, 0x0, 0x0, 0x0,
    0x0, 0x9, 0xf5, 0xff, 0xff, 0xcf, 0x0, 0x0,
    0x0, 0x0, 0x0, 0x0, 0x0, 0x0, 0x52, 0xff,
    0xff, 0xe1, 0x1, 0x0, 0x0, 0x0, 0x0, 0x0,
    0xae, 0xff, 0xff, 0x8b, 0x0, 0x0, 0x0, 0x0,

    /* U+0078 "x" */
    0x1c, 0xf3, 0xff, 0xff, 0xcc, 0x2, 0x0, 0x0,
    0x0, 0x0, 0xad, 0xff, 0xff, 0xfd, 0x31, 0x0,
    0x71, 0xff, 0xff, 0xff, 0x5e, 0x0, 0x0, 0x0,
    0x43, 0xff, 0xff, 0xff, 0x92, 0x0, 0x0, 0x4,
    0xd1, 0xff, 0xff, 0xe4, 0xa, 0x0, 0x4, 0xd3,
    0xff, 0xff, 0xe7, 0xf, 0x0, 0x0, 0x0, 0x3a,
    0xff, 0xff, 0xff, 0x81, 0x0, 0x6c, 0xff, 0xff,
    0xff, 0x59, 0x0, 0x0, 0x0, 0x0, 0x0, 0x9e,
    0xff, 0xff, 0xf6, 0x2e, 0xed, 0xff, 0xff, 0xbc,
    0x0, 0x0, 0x0, 0x0, 0x0, 0x0, 0x14, 0xec,
    0xff, 0xff, 0xf1, 0xff, 0xff, 0xfa, 0x27, 0x0,
    0x0, 0x0, 0x0, 0x0, 0x0, 0x0, 0x65, 0xff,
    0xff, 0xff, 0xff, 0xff, 0x85, 0x0, 0x0, 0x0,
    0x0, 0x0, 0x0, 0x0, 0x0, 0x2, 0xca, 0xff,
    0xff, 0xff, 0xe1, 0xa, 0x0, 0x0, 0x0, 0x0,
    0x0, 0x0, 0x0, 0x0, 0xe, 0xe7, 0xff, 0xff,
    0xff, 0xf5, 0x1f, 0x0, 0x0, 0x0, 0x0, 0x0,
    0x0, 0x0, 0x0, 0x91, 0xff, 0xff, 0xff, 0xff,
    0xff, 0xb0, 0x0, 0x0, 0x0, 0x0, 0x0, 0x0,
    0x0, 0x31, 0xfd, 0xff, 0xff, 0xd6, 0xff, 0xff,
    0xff, 0x4f, 0x0, 0x0, 0x0, 0x0, 0x0, 0x2,
    0xc8, 0xff, 0xff, 0xea, 0x12, 0xd0, 0xff, 0xff,
    0xe1, 0xa, 0x0, 0x0, 0x0, 0x0, 0x68, 0xff,
    0xff, 0xff, 0x63, 0x0, 0x3e, 0xff, 0xff, 0xff,
    0x88, 0x0, 0x0, 0x0, 0x16, 0xef, 0xff, 0xff,
    0xcc, 0x2, 0x0, 0x0, 0xa8, 0xff, 0xff, 0xfa,
    0x29, 0x0, 0x0, 0xa1, 0xff, 0xff, 0xff, 0x39,
    0x0, 0x0, 0x0, 0x1e, 0xf6, 0xff, 0xff, 0xbf,
    0x1, 0x3f, 0xff, 0xff, 0xff, 0xa3, 0x0, 0x0,
    0x0, 0x0, 0x0, 0x7e, 0xff, 0xff, 0xff, 0x5e,

    /* U+0079 "y" */
    0xa6, 0xff, 0xff, 0xff, 0x26, 0x0, 0x0, 0x0,
    0x0, 0x0, 0x6f, 0xff, 0xff, 0xff, 0x53, 0x4a,
    0xff, 0xff, 0xff, 0x78, 0x0, 0x0, 0x0, 0x0,
    0x0, 0xbe, 0xff, 0xff, 0xf1, 0x8, 0x4, 0xea,
    0xff, 0xff, 0xca, 0x0, 0x0, 0x0, 0x0, 0x12,
    0xfc, 0xff, 0xff, 0x9e, 0x0, 0x0, 0x92, 0xff,
    0xff, 0xff, 0x1b, 0x0, 0x0, 0x0, 0x5b, 0xff,
    0xff, 0xff, 0x45, 0x0, 0x0, 0x36, 0xff, 0xff,
    0xff, 0x6e, 0x0, 0x0, 0x0, 0xaa, 0xff, 0xff,
    0xe7, 0x3, 0x0, 0x0, 0x0, 0xda, 0xff, 0xff,
    0xc0, 0x0, 0x0, 0x7, 0xf3, 0xff, 0xff, 0x91,
    0x0, 0x0, 0x0, 0x0, 0x7e, 0xff, 0xff, 0xfd,
    0x15, 0x0, 0x49, 0xff, 0xff, 0xff, 0x36, 0x0,
    0x0, 0x0, 0x0, 0x23, 0xff, 0xff, 0xff, 0x64,
    0x0, 0x96, 0xff, 0xff, 0xdb, 0x0, 0x0, 0x0,
    0x0, 0x0, 0x0, 0xc5, 0xff, 0xff, 0xb6, 0x1,
    0xe5, 0xff, 0xff, 0x82, 0x0, 0x0, 0x0, 0x0,
    0x0, 0x0, 0x6a, 0xff, 0xff, 0xf9, 0x44, 0xff,
    0xff, 0xff, 0x28, 0x0, 0x0, 0x0, 0x0, 0x0,
    0x0, 0x13, 0xfa, 0xff, 0xff, 0xd8, 0xff, 0xff,
    0xce, 0x0, 0x0, 0x0, 0x0, 0x0, 0x0, 0x0,
    0x0, 0xb1, 0xff, 0xff, 0xff, 0xff, 0xff, 0x73,
    0x0, 0x0, 0x0, 0x0, 0x0, 0x0, 0x0, 0x0,
    0x55, 0xff, 0xff, 0xff, 0xff, 0xfe, 0x1c, 0x0,
    0x0, 0x0, 0x0, 0x0, 0x0, 0x0, 0x0, 0x8,
    0xf1, 0xff, 0xff, 0xff, 0xbf, 0x0, 0x0, 0x0,
    0x0, 0x0, 0x0, 0x0, 0x0, 0x0, 0x0, 0x9c,
    0xff, 0xff, 0xff, 0x65, 0x0, 0x0, 0x0, 0x0,
    0x0, 0x0, 0x0, 0x0, 0x0, 0x0, 0x4f, 0xff,
    0xff, 0xf9, 0x12, 0x0, 0x0, 0x0, 0x0, 0x0,
    0x0, 0x0, 0x0, 0x0, 0x0, 0x88, 0xff, 0xff,
    0xb1, 0x0, 0x0, 0x0, 0x0, 0x0, 0x0, 0x0,
    0x0, 0x0, 0x0, 0x7, 0xe7, 0xff, 0xff, 0x56,
    0x0, 0x0, 0x0, 0x0, 0x0, 0x0, 0x0, 0x0,
    0x0, 0x11, 0xa3, 0xff, 0xff, 0xed, 0x8, 0x0,
    0x0, 0x0, 0x0, 0x0, 0x0, 0x0, 0x70, 0xe3,
    0xfc, 0xff, 0xff, 0xff, 0x76, 0x0, 0x0, 0x0,
    0x0, 0x0, 0x0, 0x0, 0x0, 0x7a, 0xff, 0xff,
    0xff, 0xff, 0xb8, 0x4, 0x0, 0x0, 0x0, 0x0,
    0x0, 0x0, 0x0, 0x0, 0x60, 0xf0, 0xfd, 0xdb,
    0x7b, 0x6, 0x0, 0x0, 0x0, 0x0, 0x0, 0x0,
    0x0, 0x0,

    /* U+007A "z" */
    0xa4, 0xff, 0xff, 0xff, 0xff, 0xff, 0xff, 0xff,
    0xff, 0xff, 0xff, 0xff, 0xc0, 0x0, 0xa4, 0xff,
    0xff, 0xff, 0xff, 0xff, 0xff, 0xff, 0xff, 0xff,
    0xff, 0xff, 0xc0, 0x0, 0x83, 0xcc, 0xcc, 0xcc,
    0xcc, 0xcc, 0xcc, 0xcc, 0xf4, 0xff, 0xff, 0xff,
    0x81, 0x0, 0x0, 0x0, 0x0, 0x0, 0x0, 0x0,
    0x0, 0x38, 0xfb, 0xff, 0xff, 0xc1, 0x4, 0x0,
    0x0, 0x0, 0x0, 0x0, 0x0, 0x0, 0x11, 0xdf,
    0xff, 0xff, 0xec, 0x1c, 0x0, 0x0, 0x0, 0x0,
    0x0, 0x0, 0x0, 0x0, 0xae, 0xff, 0xff, 0xff,
    0x4a, 0x0, 0x0, 0x0, 0x0, 0x0, 0x0, 0x0,
    0x0, 0x6c, 0xff, 0xff, 0xff, 0x8a, 0x0, 0x0,
    0x0, 0x0, 0x0, 0x0, 0x0, 0x0, 0x32, 0xf9,
    0xff, 0xff, 0xc7, 0x5, 0x0, 0x0, 0x0, 0x0,
    0x0, 0x0, 0x0, 0xe, 0xdc, 0xff, 0xff, 0xee,
    0x1e, 0x0, 0x0, 0x0, 0x0, 0x0, 0x0, 0x0,
    0x0, 0xa7, 0xff, 0xff, 0xff, 0x51, 0x0, 0x0,
    0x0, 0x0, 0x0, 0x0, 0x0, 0x0, 0x66, 0xff,
    0xff, 0xff, 0x90, 0x0, 0x0, 0x0, 0x0, 0x0,
    0x0, 0x0, 0x0, 0x2d, 0xf7, 0xff, 0xff, 0xcb,
    0x6, 0x0, 0x0, 0x0, 0x0, 0x0, 0x0, 0x0,
    0xb, 0xd8, 0xff, 0xff, 0xf1, 0x23, 0x0, 0x0,
    0x0, 0x0, 0x0, 0x0, 0x0, 0x0, 0x9a, 0xff,
    0xff, 0xff, 0xeb, 0xc8, 0xc8, 0xc8, 0xc8, 0xc8,
    0xc8, 0xc8, 0xc8, 0x10, 0xd0, 0xff, 0xff, 0xff,
    0xff, 0xff, 0xff, 0xff, 0xff, 0xff, 0xff, 0xff,
    0xff, 0x14, 0xd0, 0xff, 0xff, 0xff, 0xff, 0xff,
    0xff, 0xff, 0xff, 0xff, 0xff, 0xff, 0xff, 0x14,

    /* U+007B "{" */
    0x0, 0x0, 0x0, 0x0, 0x0, 0x0, 0x0, 0x28,
    0x80, 0x4, 0x0, 0x0, 0x0, 0x0, 0x0, 0xd,
    0x9f, 0xff, 0xff, 0x47, 0x0, 0x0, 0x0, 0x0,
    0x9, 0xc8, 0xff, 0xff, 0xdf, 0x41, 0x0, 0x0,
    0x0, 0x0, 0x86, 0xff, 0xff, 0xde, 0x12, 0x0,
    0x0, 0x0, 0x0, 0x6, 0xef, 0xff, 0xff, 0x61,
    0x0, 0x0, 0x0, 0x0, 0x0, 0x35, 0xff, 0xff,
    0xff, 0x1a, 0x0, 0x0, 0x0, 0x0, 0x0, 0x54,
    0xff, 0xff, 0xf8, 0x0, 0x0, 0x0, 0x0, 0x0,
    0x0, 0x5c, 0xff, 0xff, 0xf0, 0x0, 0x0, 0x0,
    0x0, 0x0, 0x0, 0x5c, 0xff, 0xff, 0xf0, 0x0,
    0x0, 0x0, 0x0, 0x0, 0x0, 0x5c, 0xff, 0xff,
    0xf0, 0x0, 0x0, 0x0, 0x0, 0x0, 0x0, 0x63,
    0xff, 0xff, 0xea, 0x0, 0x0, 0x0, 0x0, 0x0,
    0x0, 0x91, 0xff, 0xff, 0xc3, 0x0, 0x0, 0x0,
    0x0, 0x0, 0x2b, 0xf2, 0xff, 0xff, 0x6b, 0x0,
    0x0, 0x0, 0x23, 0xc0, 0xfa, 0xff, 0xff, 0xc2,
    0x5, 0x0, 0x0, 0x0, 0x40, 0xff, 0xff, 0xff,
    0xce, 0x9, 0x0, 0x0, 0x0, 0x0, 0x2d, 0xe6,
    0xff, 0xff, 0xff, 0x9d, 0x0, 0x0, 0x0, 0x0,
    0x0, 0x0, 0x4e, 0xfa, 0xff, 0xff, 0x57, 0x0,
    0x0, 0x0, 0x0, 0x0, 0x0, 0x9c, 0xff, 0xff,
    0xb8, 0x0, 0x0, 0x0, 0x0, 0x0, 0x0, 0x66,
    0xff, 0xff, 0xe5, 0x0, 0x0, 0x0, 0x0, 0x0,
    0x0, 0x5c, 0xff, 0xff, 0xf0, 0x0, 0x0, 0x0,
    0x0, 0x0, 0x0, 0x5c, 0xff, 0xff, 0xf0, 0x0,
    0x0, 0x0, 0x0, 0x0, 0x0, 0x5c, 0xff, 0xff,
    0xf0, 0x0, 0x0, 0x0, 0x0, 0x0, 0x0, 0x57,
    0xff, 0xff, 0xf6, 0x0, 0x0, 0x0, 0x0, 0x0,
    0x0, 0x3c, 0xff, 0xff, 0xff, 0x12, 0x0, 0x0,
    0x0, 0x0, 0x0, 0xa, 0xf7, 0xff, 0xff, 0x50,
    0x0, 0x0, 0x0, 0x0, 0x0, 0x0, 0x99, 0xff,
    0xff, 0xce, 0x7, 0x0, 0x0, 0x0, 0x0, 0x0,
    0x13, 0xde, 0xff, 0xff, 0xc5, 0x2d, 0x0, 0x0,
    0x0, 0x0, 0x0, 0x1c, 0xc3, 0xff, 0xff, 0x55,
    0x0, 0x0, 0x0, 0x0, 0x0, 0x0, 0x1, 0x4d,
    0xa7, 0x9,

    /* U+007C "|" */
    0x70, 0xff, 0xec, 0x70, 0xff, 0xec, 0x70, 0xff,
    0xec, 0x70, 0xff, 0xec, 0x70, 0xff, 0xec, 0x70,
    0xff, 0xec, 0x70, 0xff, 0xec, 0x70, 0xff, 0xec,
    0x70, 0xff, 0xec, 0x70, 0xff, 0xec, 0x70, 0xff,
    0xec, 0x70, 0xff, 0xec, 0x70, 0xff, 0xec, 0x70,
    0xff, 0xec, 0x70, 0xff, 0xec, 0x70, 0xff, 0xec,
    0x70, 0xff, 0xec, 0x70, 0xff, 0xec, 0x70, 0xff,
    0xec, 0x70, 0xff, 0xec, 0x70, 0xff, 0xec, 0x70,
    0xff, 0xec, 0x70, 0xff, 0xec, 0x70, 0xff, 0xec,
    0x70, 0xff, 0xec, 0x7, 0x10, 0xf,

    /* U+007D "}" */
    0x5, 0x7f, 0x28, 0x0, 0x0, 0x0, 0x0, 0x0,
    0x0, 0x0, 0x4b, 0xff, 0xff, 0xa0, 0xd, 0x0,
    0x0, 0x0, 0x0, 0x0, 0x41, 0xdf, 0xff, 0xff,
    0xc8, 0x9, 0x0, 0x0, 0x0, 0x0, 0x0, 0x12,
    0xde, 0xff, 0xff, 0x86, 0x0, 0x0, 0x0, 0x0,
    0x0, 0x0, 0x5f, 0xff, 0xff, 0xee, 0x4, 0x0,
    0x0, 0x0, 0x0, 0x0, 0x1b, 0xff, 0xff, 0xff,
    0x31, 0x0, 0x0, 0x0, 0x0, 0x0, 0x0, 0xfd,
    0xff, 0xff, 0x50, 0x0, 0x0, 0x0, 0x0, 0x0,
    0x0, 0xf4, 0xff, 0xff, 0x58, 0x0, 0x0, 0x0,
    0x0, 0x0, 0x0, 0xf4, 0xff, 0xff, 0x58, 0x0,
    0x0, 0x0, 0x0, 0x0, 0x0, 0xf4, 0xff, 0xff,
    0x58, 0x0, 0x0, 0x0, 0x0, 0x0, 0x0, 0xee,
    0xff, 0xff, 0x5f, 0x0, 0x0, 0x0, 0x0, 0x0,
    0x0, 0xc6, 0xff, 0xff, 0x8b, 0x0, 0x0, 0x0,
    0x0, 0x0, 0x0, 0x6c, 0xff, 0xff, 0xf0, 0x2a,
    0x0, 0x0, 0x0, 0x0, 0x0, 0x4, 0xb9, 0xff,
    0xff, 0xfa, 0xc0, 0x22, 0x0, 0x0, 0x0, 0x0,
    0x5, 0xb4, 0xff, 0xff, 0xff, 0x40, 0x0, 0x0,
    0x0, 0x0, 0x90, 0xff, 0xff, 0xff, 0xf0, 0x2e,
    0x0, 0x0, 0x0, 0x54, 0xff, 0xff, 0xfc, 0x57,
    0x1, 0x0, 0x0, 0x0, 0x0, 0xbc, 0xff, 0xff,
    0x9f, 0x0, 0x0, 0x0, 0x0, 0x0, 0x0, 0xe9,
    0xff, 0xff, 0x64, 0x0, 0x0, 0x0, 0x0, 0x0,
    0x0, 0xf4, 0xff, 0xff, 0x58, 0x0, 0x0, 0x0,
    0x0, 0x0, 0x0, 0xf4, 0xff, 0xff, 0x58, 0x0,
    0x0, 0x0, 0x0, 0x0, 0x0, 0xf4, 0xff, 0xff,
    0x58, 0x0, 0x0, 0x0, 0x0, 0x0, 0x0, 0xfa,
    0xff, 0xff, 0x54, 0x0, 0x0, 0x0, 0x0, 0x0,
    0x15, 0xff, 0xff, 0xff, 0x39, 0x0, 0x0, 0x0,
    0x0, 0x0, 0x51, 0xff, 0xff, 0xf7, 0xa, 0x0,
    0x0, 0x0, 0x0, 0x6, 0xcb, 0xff, 0xff, 0x9c,
    0x0, 0x0, 0x0, 0x0, 0x2a, 0xc0, 0xff, 0xff,
    0xe2, 0x16, 0x0, 0x0, 0x0, 0x0, 0x5b, 0xff,
    0xff, 0xcc, 0x21, 0x0, 0x0, 0x0, 0x0, 0x0,
    0xc, 0xae, 0x56, 0x2, 0x0, 0x0, 0x0, 0x0,
    0x0, 0x0,

    /* U+007E "~" */
    0x0, 0x0, 0x10, 0x8e, 0xe4, 0xfe, 0xe7, 0x9a,
    0x1e, 0x0, 0x0, 0x0, 0x0, 0x0, 0x56, 0x94,
    0x94, 0x15, 0x0, 0x12, 0xd8, 0xff, 0xff, 0xff,
    0xff, 0xff, 0xf4, 0x57, 0x0, 0x0, 0x0, 0x0,
    0xbd, 0xff, 0xff, 0x13, 0x0, 0x99, 0xff, 0xff,
    0xff, 0xea, 0xfb, 0xff, 0xff, 0xff, 0x8a, 0xb,
    0x0, 0x5d, 0xff, 0xff, 0xd8, 0x0, 0xa, 0xf7,
    0xff, 0xf9, 0x41, 0x0, 0x14, 0xa0, 0xff, 0xff,
    0xff, 0xf7, 0xe9, 0xff, 0xff, 0xff, 0x6b, 0x0,
    0x37, 0xff, 0xff, 0xa3, 0x0, 0x0, 0x0, 0x0,
    0x6e, 0xfa, 0xff, 0xff, 0xff, 0xff, 0xff, 0xb4,
    0x3, 0x0, 0x21, 0x78, 0x78, 0x3d, 0x0, 0x0,
    0x0, 0x0, 0x0, 0x2c, 0xa9, 0xed, 0xfc, 0xda,
    0x77, 0x5, 0x0, 0x0,

    /* U+00B0 "°" */
    0x0, 0x0, 0x3a, 0xc2, 0xf8, 0xe8, 0x89, 0x8,
    0x0, 0x0, 0x3d, 0xfa, 0xff, 0xff, 0xff, 0xff,
    0xb2, 0x1, 0x0, 0xcc, 0xff, 0x92, 0x10, 0x37,
    0xe9, 0xff, 0x46, 0xf, 0xff, 0xf1, 0x4, 0x0,
    0x0, 0x7e, 0xff, 0x86, 0x12, 0xff, 0xf1, 0x3,
    0x0, 0x0, 0x7b, 0xff, 0x8a, 0x0, 0xd4, 0xff,
    0x8c, 0xc, 0x31, 0xe6, 0xff, 0x4c, 0x0, 0x44,
    0xfc, 0xff, 0xff, 0xff, 0xff, 0xba, 0x1, 0x0,
    0x0, 0x40, 0xc5, 0xfb, 0xea, 0x8f, 0xa, 0x0,

    /* U+00B3 "³" */
    0x0, 0x2, 0x67, 0xc6, 0xf3, 0xfe, 0xec, 0xbb,
    0x59, 0x0, 0x0, 0x97, 0xff, 0xff, 0xff, 0xff,
    0xff, 0xff, 0xff, 0x70, 0x0, 0xb0, 0xb8, 0xa1,
    0x38, 0x23, 0x49, 0xf7, 0xff, 0xbe, 0x0, 0x0,
    0x0, 0x5, 0x6c, 0x6f, 0xa0, 0xff, 0xff, 0x69,
    0x0, 0x0, 0x0, 0x14, 0xff, 0xff, 0xff, 0xff,
    0x78, 0x0, 0x0, 0x0, 0x0, 0x6, 0x7c, 0x83,
    0xc5, 0xff, 0xff, 0x61, 0x0, 0x0, 0x0, 0x0,
    0x0, 0x0, 0x3, 0xd5, 0xff, 0xdb, 0x1e, 0xb4,
    0xb4, 0x63, 0x0, 0x0, 0x0, 0xbc, 0xff, 0xf4,
    0xa, 0xf5, 0xff, 0xef, 0x56, 0x28, 0x67, 0xfc,
    0xff, 0xc4, 0x0, 0x6f, 0xff, 0xff, 0xff, 0xff,
    0xff, 0xff, 0xf6, 0x39, 0x0, 0x0, 0x4b, 0xb9,
    0xf0, 0xfd, 0xe4, 0xa0, 0x27, 0x0,

    /* U+00B5 "µ" */
    0xd8, 0xff, 0xff, 0xac, 0x0, 0x0, 0x0, 0x0,
    0x0, 0x4, 0xff, 0xff, 0xff, 0x88, 0xd8, 0xff,
    0xff, 0xac, 0x0, 0x0, 0x0, 0x0, 0x0, 0x4,
    0xff, 0xff, 0xff, 0x88, 0xd8, 0xff, 0xff, 0xac,
    0x0, 0x0, 0x0, 0x0, 0x0, 0x4, 0xff, 0xff,
    0xff, 0x88, 0xd8, 0xff, 0xff, 0xac, 0x0, 0x0,
    0x0, 0x0, 0x0, 0x4, 0xff, 0xff, 0xff, 0x88,
    0xd8, 0xff, 0xff, 0xac, 0x0, 0x0, 0x0, 0x0,
    0x0, 0x4, 0xff, 0xff, 0xff, 0x88, 0xd8, 0xff,
    0xff, 0xac, 0x0, 0x0, 0x0, 0x0, 0x0, 0x4,
    0xff, 0xff, 0xff, 0x88, 0xd8, 0xff, 0xff, 0xac,
    0x0, 0x0, 0x0, 0x0, 0x0, 0x4, 0xff, 0xff,
    0xff, 0x88, 0xd8, 0xff, 0xff, 0xac, 0x0, 0x0,
    0x0, 0x0, 0x0, 0x4, 0xff, 0xff, 0xff, 0x88,
    0xd8, 0xff, 0xff, 0xac, 0x0, 0x0, 0x0, 0x0,
    0x0, 0x4, 0xff, 0xff, 0xff, 0x88, 0xd8, 0xff,
    0xff, 0xbb, 0x0, 0x0, 0x0, 0x0, 0x0, 0x4,
    0xff, 0xff, 0xff, 0x88, 0xd8, 0xff, 0xff, 0xc4,
    0x0, 0x0, 0x0, 0x0, 0x0, 0x4, 0xff, 0xff,
    0xff, 0x88, 0xd8, 0xff, 0xff, 0xf2, 0x9, 0x0,
    0x0, 0x0, 0x0, 0x1f, 0xff, 0xff, 0xff, 0x88,
    0xd8, 0xff, 0xff, 0xff, 0x9c, 0x9, 0x0, 0x0,
    0x29, 0xcb, 0xff, 0xff, 0xff, 0x88, 0xd8, 0xff,
    0xff, 0xff, 0xff, 0xf3, 0xd4, 0xe2, 0xff, 0xff,
    0xff, 0xff, 0xff, 0x88, 0xd8, 0xff, 0xff, 0xff,
    0xff, 0xff, 0xff, 0xff, 0xff, 0xf0, 0xec, 0xff,
    0xff, 0x88, 0xd8, 0xff, 0xff, 0xc6, 0xa1, 0xe8,
    0xfe, 0xec, 0xa7, 0x24, 0xc6, 0xff, 0xff, 0x88,
    0xd8, 0xff, 0xff, 0xac, 0x0, 0x0, 0x0, 0x0,
    0x0, 0x0, 0x0, 0x0, 0x0, 0x0, 0xd8, 0xff,
    0xff, 0xac, 0x0, 0x0, 0x0, 0x0, 0x0, 0x0,
    0x0, 0x0, 0x0, 0x0, 0xd8, 0xff, 0xff, 0xac,
    0x0, 0x0, 0x0, 0x0, 0x0, 0x0, 0x0, 0x0,
    0x0, 0x0, 0xd8, 0xff, 0xff, 0xac, 0x0, 0x0,
    0x0, 0x0, 0x0, 0x0, 0x0, 0x0, 0x0, 0x0,
    0xd8, 0xff, 0xff, 0xac, 0x0, 0x0, 0x0, 0x0,
    0x0, 0x0, 0x0, 0x0, 0x0, 0x0, 0xd8, 0xff,
    0xff, 0xac, 0x0, 0x0, 0x0, 0x0, 0x0, 0x0,
    0x0, 0x0, 0x0, 0x0
};

/*---------------------
 *  GLYPH DESCRIPTION
 *--------------------*/

static const lv_font_fmt_txt_glyph_dsc_t glyph_dsc[] = {
    {.bitmap_index = 0, .adv_w = 0, .box_w = 0, .box_h = 0, .ofs_x = 0, .ofs_y = 0} /* id = 0 reserved */,
    {.bitmap_index = 0, .adv_w = 119, .box_w = 0, .box_h = 0, .ofs_x = 0, .ofs_y = 0},
    {.bitmap_index = 0, .adv_w = 127, .box_w = 5, .box_h = 21, .ofs_x = 2, .ofs_y = 0},
    {.bitmap_index = 105, .adv_w = 153, .box_w = 8, .box_h = 8, .ofs_x = 1, .ofs_y = 14},
    {.bitmap_index = 169, .adv_w = 289, .box_w = 17, .box_h = 21, .ofs_x = 1, .ofs_y = 0},
    {.bitmap_index = 526, .adv_w = 273, .box_w = 15, .box_h = 28, .ofs_x = 1, .ofs_y = -3},
    {.bitmap_index = 946, .adv_w = 353, .box_w = 20, .box_h = 21, .ofs_x = 1, .ofs_y = 0},
    {.bitmap_index = 1366, .adv_w = 308, .box_w = 18, .box_h = 21, .ofs_x = 1, .ofs_y = 0},
    {.bitmap_index = 1744, .adv_w = 80, .box_w = 3, .box_h = 8, .ofs_x = 1, .ofs_y = 14},
    {.bitmap_index = 1768, .adv_w = 166, .box_w = 9, .box_h = 31, .ofs_x = 1, .ofs_y = -7},
    {.bitmap_index = 2047, .adv_w = 168, .box_w = 9, .box_h = 31, .ofs_x = 0, .ofs_y = -7},
    {.bitmap_index = 2326, .adv_w = 213, .box_w = 14, .box_h = 13, .ofs_x = 0, .ofs_y = 8},
    {.bitmap_index = 2508, .adv_w = 266, .box_w = 16, .box_h = 16, .ofs_x = 0, .ofs_y = 1},
    {.bitmap_index = 2764, .adv_w = 107, .box_w = 6, .box_h = 9, .ofs_x = 0, .ofs_y = -6},
    {.bitmap_index = 2818, .adv_w = 163, .box_w = 8, .box_h = 3, .ofs_x = 1, .ofs_y = 8},
    {.bitmap_index = 2842, .adv_w = 133, .box_w = 6, .box_h = 4, .ofs_x = 1, .ofs_y = 0},
    {.bitmap_index = 2866, .adv_w = 187, .box_w = 12, .box_h = 23, .ofs_x = 0, .ofs_y = -2},
    {.bitmap_index = 3142, .adv_w = 273, .box_w = 15, .box_h = 21, .ofs_x = 1, .ofs_y = 0},
    {.bitmap_index = 3457, .adv_w = 273, .box_w = 10, .box_h = 21, .ofs_x = 2, .ofs_y = 0},
    {.bitmap_index = 3667, .adv_w = 273, .box_w = 15, .box_h = 21, .ofs_x = 1, .ofs_y = 0},
    {.bitmap_index = 3982, .adv_w = 273, .box_w = 15, .box_h = 21, .ofs_x = 1, .ofs_y = 0},
    {.bitmap_index = 4297, .adv_w = 273, .box_w = 17, .box_h = 21, .ofs_x = 0, .ofs_y = 0},
    {.bitmap_index = 4654, .adv_w = 273, .box_w = 15, .box_h = 21, .ofs_x = 1, .ofs_y = 0},
    {.bitmap_index = 4969, .adv_w = 273, .box_w = 15, .box_h = 21, .ofs_x = 1, .ofs_y = 0},
    {.bitmap_index = 5284, .adv_w = 273, .box_w = 15, .box_h = 21, .ofs_x = 1, .ofs_y = 0},
    {.bitmap_index = 5599, .adv_w = 273, .box_w = 15, .box_h = 21, .ofs_x = 1, .ofs_y = 0},
    {.bitmap_index = 5914, .adv_w = 273, .box_w = 15, .box_h = 21, .ofs_x = 1, .ofs_y = 0},
    {.bitmap_index = 6229, .adv_w = 127, .box_w = 5, .box_h = 16, .ofs_x = 1, .ofs_y = 0},
    {.bitmap_index = 6309, .adv_w = 115, .box_w = 6, .box_h = 21, .ofs_x = 0, .ofs_y = -5},
    {.bitmap_index = 6435, .adv_w = 244, .box_w = 14, .box_h = 14, .ofs_x = 0, .ofs_y = 2},
    {.bitmap_index = 6631, .adv_w = 270, .box_w = 13, .box_h = 9, .ofs_x = 2, .ofs_y = 5},
    {.bitmap_index = 6748, .adv_w = 249, .box_w = 14, .box_h = 14, .ofs_x = 1, .ofs_y = 2},
    {.bitmap_index = 6944, .adv_w = 233, .box_w = 14, .box_h = 21, .ofs_x = 0, .ofs_y = 0},
    {.bitmap_index = 7238, .adv_w = 431, .box_w = 25, .box_h = 27, .ofs_x = 1, .ofs_y = -6},
    {.bitmap_index = 7913, .adv_w = 318, .box_w = 20, .box_h = 21, .ofs_x = 0, .ofs_y = 0},
    {.bitmap_index = 8333, .adv_w = 303, .box_w = 16, .box_h = 21, .ofs_x = 2, .ofs_y = 0},
    {.bitmap_index = 8669, .adv_w = 313, .box_w = 18, .box_h = 21, .ofs_x = 1, .ofs_y = 0},
    {.bitmap_index = 9047, .adv_w = 313, .box_w = 17, .box_h = 21, .ofs_x = 2, .ofs_y = 0},
    {.bitmap_index = 9404, .adv_w = 271, .box_w = 15, .box_h = 21, .ofs_x = 2, .ofs_y = 0},
    {.bitmap_index = 9719, .adv_w = 264, .box_w = 14, .box_h = 21, .ofs_x = 2, .ofs_y = 0},
    {.bitmap_index = 10013, .adv_w = 327, .box_w = 18, .box_h = 21, .ofs_x = 1, .ofs_y = 0},
    {.bitmap_index = 10391, .adv_w = 341, .box_w = 18, .box_h = 21, .ofs_x = 2, .ofs_y = 0},
    {.bitmap_index = 10769, .adv_w = 136, .box_w = 5, .box_h = 21, .ofs_x = 2, .ofs_y = 0},
    {.bitmap_index = 10874, .adv_w = 267, .box_w = 15, .box_h = 21, .ofs_x = 0, .ofs_y = 0},
    {.bitmap_index = 11189, .adv_w = 303, .box_w = 18, .box_h = 21, .ofs_x = 2, .ofs_y = 0},
    {.bitmap_index = 11567, .adv_w = 259, .box_w = 14, .box_h = 21, .ofs_x = 2, .ofs_y = 0},
    {.bitmap_index = 11861, .adv_w = 420, .box_w = 23, .box_h = 21, .ofs_x = 2, .ofs_y = 0},
    {.bitmap_index = 12344, .adv_w = 341, .box_w = 18, .box_h = 21, .ofs_x = 2, .ofs_y = 0},
    {.bitmap_index = 12722, .adv_w = 331, .box_w = 19, .box_h = 21, .ofs_x = 1, .ofs_y = 0},
    {.bitmap_index = 13121, .adv_w = 306, .box_w = 17, .box_h = 21, .ofs_x = 2, .ofs_y = 0},
    {.bitmap_index = 13478, .adv_w = 331, .box_w = 19, .box_h = 25, .ofs_x = 1, .ofs_y = -4},
    {.bitmap_index = 13953, .adv_w = 302, .box_w = 17, .box_h = 21, .ofs_x = 2, .ofs_y = 0},
    {.bitmap_index = 14310, .adv_w = 291, .box_w = 17, .box_h = 21, .ofs_x = 1, .ofs_y = 0},
    {.bitmap_index = 14667, .adv_w = 293, .box_w = 18, .box_h = 21, .ofs_x = 0, .ofs_y = 0},
    {.bitmap_index = 15045, .adv_w = 314, .box_w = 17, .box_h = 21, .ofs_x = 1, .ofs_y = 0},
    {.bitmap_index = 15402, .adv_w = 310, .box_w = 20, .box_h = 21, .ofs_x = 0, .ofs_y = 0},
    {.bitmap_index = 15822, .adv_w = 423, .box_w = 26, .box_h = 21, .ofs_x = 0, .ofs_y = 0},
    {.bitmap_index = 16368, .adv_w = 303, .box_w = 19, .box_h = 21, .ofs_x = 0, .ofs_y = 0},
    {.bitmap_index = 16767, .adv_w = 293, .box_w = 19, .box_h = 21, .ofs_x = 0, .ofs_y = 0},
    {.bitmap_index = 17166, .adv_w = 289, .box_w = 17, .box_h = 21, .ofs_x = 1, .ofs_y = 0},
    {.bitmap_index = 17523, .adv_w = 130, .box_w = 7, .box_h = 29, .ofs_x = 1, .ofs_y = -5},
    {.bitmap_index = 17726, .adv_w = 200, .box_w = 13, .box_h = 23, .ofs_x = 0, .ofs_y = -2},
    {.bitmap_index = 18025, .adv_w = 130, .box_w = 7, .box_h = 29, .ofs_x = 0, .ofs_y = -5},
    {.bitmap_index = 18228, .adv_w = 206, .box_w = 13, .box_h = 11, .ofs_x = 0, .ofs_y = 11},
    {.bitmap_index = 18371, .adv_w = 215, .box_w = 14, .box_h = 3, .ofs_x = 0, .ofs_y = -3},
    {.bitmap_index = 18413, .adv_w = 154, .box_w = 8, .box_h = 5, .ofs_x = 0, .ofs_y = 18},
    {.bitmap_index = 18453, .adv_w = 259, .box_w = 14, .box_h = 16, .ofs_x = 1, .ofs_y = 0},
    {.bitmap_index = 18677, .adv_w = 270, .box_w = 15, .box_h = 22, .ofs_x = 1, .ofs_y = 0},
    {.bitmap_index = 19007, .adv_w = 251, .box_w = 14, .box_h = 16, .ofs_x = 1, .ofs_y = 0},
    {.bitmap_index = 19231, .adv_w = 270, .box_w = 15, .box_h = 22, .ofs_x = 1, .ofs_y = 0},
    {.bitmap_index = 19561, .adv_w = 257, .box_w = 15, .box_h = 16, .ofs_x = 1, .ofs_y = 0},
    {.bitmap_index = 19801, .adv_w = 169, .box_w = 11, .box_h = 23, .ofs_x = 0, .ofs_y = 0},
    {.bitmap_index = 20054, .adv_w = 272, .box_w = 15, .box_h = 22, .ofs_x = 1, .ofs_y = -6},
    {.bitmap_index = 20384, .adv_w = 267, .box_w = 14, .box_h = 22, .ofs_x = 1, .ofs_y = 0},
    {.bitmap_index = 20692, .adv_w = 122, .box_w = 5, .box_h = 21, .ofs_x = 1, .ofs_y = 0},
    {.bitmap_index = 20797, .adv_w = 120, .box_w = 8, .box_h = 27, .ofs_x = -2, .ofs_y = -6},
    {.bitmap_index = 21013, .adv_w = 250, .box_w = 15, .box_h = 22, .ofs_x = 1, .ofs_y = 0},
    {.bitmap_index = 21343, .adv_w = 122, .box_w = 4, .box_h = 22, .ofs_x = 2, .ofs_y = 0},
    {.bitmap_index = 21431, .adv_w = 418, .box_w = 24, .box_h = 16, .ofs_x = 1, .ofs_y = 0},
    {.bitmap_index = 21815, .adv_w = 267, .box_w = 14, .box_h = 16, .ofs_x = 1, .ofs_y = 0},
    {.bitmap_index = 22039, .adv_w = 272, .box_w = 15, .box_h = 16, .ofs_x = 1, .ofs_y = 0},
    {.bitmap_index = 22279, .adv_w = 270, .box_w = 15, .box_h = 22, .ofs_x = 1, .ofs_y = -6},
    {.bitmap_index = 22609, .adv_w = 272, .box_w = 15, .box_h = 22, .ofs_x = 1, .ofs_y = -6},
    {.bitmap_index = 22939, .adv_w = 170, .box_w = 10, .box_h = 16, .ofs_x = 1, .ofs_y = 0},
    {.bitmap_index = 23099, .adv_w = 247, .box_w = 14, .box_h = 16, .ofs_x = 1, .ofs_y = 0},
    {.bitmap_index = 23323, .adv_w = 160, .box_w = 10, .box_h = 20, .ofs_x = 0, .ofs_y = 0},
    {.bitmap_index = 23523, .adv_w = 267, .box_w = 14, .box_h = 16, .ofs_x = 1, .ofs_y = 0},
    {.bitmap_index = 23747, .adv_w = 238, .box_w = 15, .box_h = 16, .ofs_x = 0, .ofs_y = 0},
    {.bitmap_index = 23987, .adv_w = 356, .box_w = 22, .box_h = 16, .ofs_x = 0, .ofs_y = 0},
    {.bitmap_index = 24339, .adv_w = 241, .box_w = 15, .box_h = 16, .ofs_x = 0, .ofs_y = 0},
    {.bitmap_index = 24579, .adv_w = 235, .box_w = 15, .box_h = 22, .ofs_x = 0, .ofs_y = -6},
    {.bitmap_index = 24909, .adv_w = 241, .box_w = 14, .box_h = 16, .ofs_x = 1, .ofs_y = 0},
    {.bitmap_index = 25133, .adv_w = 160, .box_w = 10, .box_h = 29, .ofs_x = 0, .ofs_y = -5},
    {.bitmap_index = 25423, .adv_w = 119, .box_w = 3, .box_h = 26, .ofs_x = 2, .ofs_y = -5},
    {.bitmap_index = 25501, .adv_w = 160, .box_w = 10, .box_h = 29, .ofs_x = 0, .ofs_y = -5},
    {.bitmap_index = 25791, .adv_w = 318, .box_w = 18, .box_h = 6, .ofs_x = 1, .ofs_y = 6},
    {.bitmap_index = 25899, .adv_w = 184, .box_w = 9, .box_h = 8, .ofs_x = 1, .ofs_y = 14},
    {.bitmap_index = 25971, .adv_w = 177, .box_w = 10, .box_h = 11, .ofs_x = 0, .ofs_y = 10},
    {.bitmap_index = 26081, .adv_w = 285, .box_w = 14, .box_h = 22, .ofs_x = 2, .ofs_y = -6}
};

/*---------------------
 *  CHARACTER MAPPING
 *--------------------*/

static const uint8_t glyph_id_ofs_list_1[] = {
    0, 0, 0, 1, 0, 2
};

/*Collect the unicode lists and glyph_id offsets*/
static const lv_font_fmt_txt_cmap_t cmaps[] =
{
    {
        .range_start = 32, .range_length = 95, .glyph_id_start = 1,
        .unicode_list = NULL, .glyph_id_ofs_list = NULL, .list_length = 0, .type = LV_FONT_FMT_TXT_CMAP_FORMAT0_TINY
    },
    {
        .range_start = 176, .range_length = 6, .glyph_id_start = 96,
        .unicode_list = NULL, .glyph_id_ofs_list = glyph_id_ofs_list_1, .list_length = 6, .type = LV_FONT_FMT_TXT_CMAP_FORMAT0_FULL
    }
};

/*-----------------
 *    KERNING
 *----------------*/

/*Pair left and right glyphs for kerning*/
static const uint8_t kern_pair_glyph_ids[] =
{
    1, 53,
    3, 3,
    3, 8,
    8, 3,
    8, 8,
    9, 55,
    9, 56,
    9, 58,
    13, 3,
    13, 8,
    15, 3,
    15, 8,
    16, 16,
    34, 3,
    34, 8,
    34, 32,
    34, 36,
    34, 40,
    34, 48,
    34, 50,
    34, 53,
    34, 54,
    34, 55,
    34, 56,
    34, 58,
    34, 78,
    34, 79,
    34, 80,
    34, 81,
    34, 85,
    34, 86,
    34, 87,
    34, 88,
    34, 90,
    34, 91,
    35, 53,
    35, 55,
    35, 58,
    36, 10,
    36, 53,
    36, 62,
    36, 94,
    37, 13,
    37, 15,
    37, 34,
    37, 53,
    37, 55,
    37, 57,
    37, 58,
    37, 59,
    38, 53,
    38, 68,
    38, 69,
    38, 70,
    38, 71,
    38, 72,
    38, 80,
    38, 82,
    38, 86,
    38, 87,
    38, 88,
    38, 90,
    39, 13,
    39, 15,
    39, 34,
    39, 43,
    39, 53,
    39, 66,
    39, 68,
    39, 69,
    39, 70,
    39, 72,
    39, 80,
    39, 82,
    39, 83,
    39, 86,
    39, 87,
    39, 90,
    41, 34,
    41, 53,
    41, 57,
    41, 58,
    42, 34,
    42, 53,
    42, 57,
    42, 58,
    43, 34,
    44, 14,
    44, 36,
    44, 40,
    44, 48,
    44, 50,
    44, 68,
    44, 69,
    44, 70,
    44, 72,
    44, 78,
    44, 79,
    44, 80,
    44, 81,
    44, 82,
    44, 86,
    44, 87,
    44, 88,
    44, 90,
    45, 34,
    45, 36,
    45, 40,
    45, 48,
    45, 50,
    45, 53,
    45, 54,
    45, 55,
    45, 56,
    45, 58,
    45, 86,
    45, 87,
    45, 88,
    45, 90,
    46, 34,
    46, 53,
    46, 57,
    46, 58,
    47, 34,
    47, 53,
    47, 57,
    47, 58,
    48, 13,
    48, 15,
    48, 34,
    48, 53,
    48, 55,
    48, 57,
    48, 58,
    48, 59,
    49, 13,
    49, 15,
    49, 34,
    49, 43,
    49, 57,
    49, 59,
    49, 66,
    49, 68,
    49, 69,
    49, 70,
    49, 72,
    49, 80,
    49, 82,
    49, 85,
    49, 87,
    49, 90,
    50, 53,
    50, 55,
    50, 56,
    50, 58,
    51, 53,
    51, 55,
    51, 58,
    53, 1,
    53, 13,
    53, 14,
    53, 15,
    53, 34,
    53, 36,
    53, 40,
    53, 43,
    53, 48,
    53, 50,
    53, 52,
    53, 53,
    53, 55,
    53, 56,
    53, 58,
    53, 66,
    53, 68,
    53, 69,
    53, 70,
    53, 72,
    53, 78,
    53, 79,
    53, 80,
    53, 81,
    53, 82,
    53, 83,
    53, 84,
    53, 86,
    53, 87,
    53, 88,
    53, 89,
    53, 90,
    53, 91,
    54, 34,
    55, 10,
    55, 13,
    55, 14,
    55, 15,
    55, 34,
    55, 36,
    55, 40,
    55, 48,
    55, 50,
    55, 62,
    55, 66,
    55, 68,
    55, 69,
    55, 70,
    55, 72,
    55, 80,
    55, 82,
    55, 83,
    55, 86,
    55, 87,
    55, 90,
    55, 94,
    56, 10,
    56, 13,
    56, 14,
    56, 15,
    56, 34,
    56, 53,
    56, 62,
    56, 66,
    56, 68,
    56, 69,
    56, 70,
    56, 72,
    56, 80,
    56, 82,
    56, 83,
    56, 86,
    56, 94,
    57, 14,
    57, 36,
    57, 40,
    57, 48,
    57, 50,
    57, 55,
    57, 68,
    57, 69,
    57, 70,
    57, 72,
    57, 80,
    57, 82,
    57, 86,
    57, 87,
    57, 90,
    58, 7,
    58, 10,
    58, 11,
    58, 13,
    58, 14,
    58, 15,
    58, 34,
    58, 36,
    58, 40,
    58, 43,
    58, 48,
    58, 50,
    58, 52,
    58, 53,
    58, 54,
    58, 55,
    58, 56,
    58, 57,
    58, 58,
    58, 62,
    58, 66,
    58, 68,
    58, 69,
    58, 70,
    58, 71,
    58, 72,
    58, 78,
    58, 79,
    58, 80,
    58, 81,
    58, 82,
    58, 83,
    58, 84,
    58, 85,
    58, 86,
    58, 87,
    58, 89,
    58, 90,
    58, 91,
    58, 94,
    59, 34,
    59, 36,
    59, 40,
    59, 48,
    59, 50,
    59, 68,
    59, 69,
    59, 70,
    59, 72,
    59, 80,
    59, 82,
    59, 86,
    59, 87,
    59, 88,
    59, 90,
    60, 43,
    60, 54,
    66, 3,
    66, 8,
    66, 87,
    66, 90,
    67, 3,
    67, 8,
    67, 87,
    67, 89,
    67, 90,
    67, 91,
    68, 3,
    68, 8,
    70, 3,
    70, 8,
    70, 87,
    70, 90,
    71, 3,
    71, 8,
    71, 10,
    71, 62,
    71, 68,
    71, 69,
    71, 70,
    71, 72,
    71, 82,
    71, 94,
    73, 3,
    73, 8,
    76, 68,
    76, 69,
    76, 70,
    76, 72,
    76, 82,
    78, 3,
    78, 8,
    79, 3,
    79, 8,
    80, 3,
    80, 8,
    80, 87,
    80, 89,
    80, 90,
    80, 91,
    81, 3,
    81, 8,
    81, 87,
    81, 89,
    81, 90,
    81, 91,
    83, 3,
    83, 8,
    83, 13,
    83, 15,
    83, 66,
    83, 68,
    83, 69,
    83, 70,
    83, 71,
    83, 72,
    83, 80,
    83, 82,
    83, 85,
    83, 87,
    83, 88,
    83, 90,
    85, 80,
    87, 3,
    87, 8,
    87, 13,
    87, 15,
    87, 66,
    87, 68,
    87, 69,
    87, 70,
    87, 71,
    87, 72,
    87, 80,
    87, 82,
    88, 13,
    88, 15,
    89, 68,
    89, 69,
    89, 70,
    89, 72,
    89, 80,
    89, 82,
    90, 3,
    90, 8,
    90, 13,
    90, 15,
    90, 66,
    90, 68,
    90, 69,
    90, 70,
    90, 71,
    90, 72,
    90, 80,
    90, 82,
    91, 68,
    91, 69,
    91, 70,
    91, 72,
    91, 80,
    91, 82,
    92, 43,
    92, 54
};

/* Kerning between the respective left and right glyphs
 * 4.4 format which needs to scaled with `kern_scale`*/
static const int8_t kern_pair_values[] =
{
    -11, -19, -19, -19, -19, 5, 6, 5,
    -50, -50, -50, -50, -55, -28, -28, -16,
    -4, -4, -4, -4, -30, -4, -19, -14,
    -27, -4, -4, -3, -4, -4, -3, -12,
    -8, -12, 3, -6, -6, -13, -6, -7,
    -3, -4, -26, -26, -5, -11, -5, -5,
    -10, -5, 5, -4, -4, -4, -4, -4,
    -4, -4, -4, -6, -5, -6, -58, -58,
    -42, -57, 5, -8, -5, -5, -5, -5,
    -5, -5, -6, -5, -6, -6, 4, -7,
    4, -7, 4, -7, 4, -7, -5, -24,
    -7, -7, -7, -7, -6, -6, -6, -6,
    -4, -4, -6, -4, -6, -5, -9, -15,
    -9, 4, -15, -15, -15, -15, -58, -10,
    -44, -29, -60, -8, -30, -18, -30, 4,
    -7, 4, -7, 4, -7, 4, -7, -26,
    -26, -5, -11, -5, -5, -10, -5, -83,
    -83, -36, -45, -9, -7, -3, -3, -3,
    -3, -3, -3, -3, 3, 4, 4, -9,
    -7, -5, -8, -16, -4, -11, -11, -55,
    -58, -55, -22, -7, -7, -54, -7, -7,
    -4, 4, 4, 4, 4, -31, -22, -22,
    -22, -22, -24, -24, -33, -24, -22, -17,
    -24, -20, -18, -12, -18, -18, -14, -5,
    5, -52, -19, -52, -18, -3, -3, -3,
    -3, 4, -11, -10, -10, -10, -10, -11,
    -10, -7, -7, -3, -3, 4, 4, -30,
    -14, -30, -10, 3, 3, -8, -7, -7,
    -7, -7, -7, -7, -5, -4, 3, -20,
    -6, -6, -6, -6, 3, -6, -6, -6,
    -6, -5, -6, -5, -7, -7, -7, 5,
    -11, -51, -21, -51, -27, -7, -7, -22,
    -7, -7, -4, 4, -22, 4, 4, 3,
    4, 4, -16, -15, -15, -15, -5, -15,
    -9, -9, -15, -9, -15, -9, -14, -5,
    -9, -5, -5, -5, -7, 4, 3, -6,
    -6, -6, -6, -5, -5, -5, -5, -5,
    -5, -4, -6, -6, -6, -4, -4, -11,
    -11, -4, -4, -7, -7, -3, -4, -3,
    -4, -3, -3, -3, -3, -3, -3, 4,
    4, 5, 4, -6, -6, -6, -6, -6,
    4, -22, -22, -5, -5, -5, -5, -5,
    -22, -22, -22, -22, -28, -28, -4, -5,
    -4, -4, -7, -7, -3, -4, -3, -4,
    4, 4, -33, -33, -8, -4, -4, -4,
    4, -4, -6, -4, 12, 4, 4, 4,
    -6, 4, 4, -30, -30, -4, -3, -3,
    -3, 3, -3, -4, -3, -29, -29, -5,
    -5, -5, -5, -6, -5, 4, 4, -30,
    -30, -4, -3, -3, -3, 3, -3, -4,
    -3, -4, -4, -4, -4, -4, -4, -5,
    -5
};

/*Collect the kern pair's data in one place*/
static const lv_font_fmt_txt_kern_pair_t kern_pairs =
{
    .glyph_ids = kern_pair_glyph_ids,
    .values = kern_pair_values,
    .pair_cnt = 409,
    .glyph_ids_size = 0
};

/*--------------------
 *  ALL CUSTOM DATA
 *--------------------*/

#if LVGL_VERSION_MAJOR == 8
/*Store all the custom data of the font*/
static  lv_font_fmt_txt_glyph_cache_t cache;
#endif

#if LVGL_VERSION_MAJOR >= 8
static const lv_font_fmt_txt_dsc_t font_dsc = {
#else
static lv_font_fmt_txt_dsc_t font_dsc = {
#endif
    .glyph_bitmap = glyph_bitmap,
    .glyph_dsc = glyph_dsc,
    .cmaps = cmaps,
    .kern_dsc = &kern_pairs,
    .kern_scale = 16,
    .cmap_num = 2,
    .bpp = 8,
    .kern_classes = 0,
    .bitmap_format = 0,
#if LVGL_VERSION_MAJOR == 8
    .cache = &cache
#endif
};

/*-----------------
 *  PUBLIC FONT
 *----------------*/

/*Initialize a public general font descriptor*/
#if LVGL_VERSION_MAJOR >= 8
const lv_font_t ui_font_roboto_med_30 = {
#else
lv_font_t ui_font_roboto_med_30 = {
#endif
    .get_glyph_dsc = lv_font_get_glyph_dsc_fmt_txt,    /*Function pointer to get glyph's data*/
    .get_glyph_bitmap = lv_font_get_bitmap_fmt_txt,    /*Function pointer to get glyph's bitmap*/
    .line_height = 32,          /*The maximum line height required by the font*/
    .base_line = 7,             /*Baseline measured from the bottom of the line*/
#if !(LVGL_VERSION_MAJOR == 6 && LVGL_VERSION_MINOR == 0)
    .subpx = LV_FONT_SUBPX_NONE,
#endif
#if LV_VERSION_CHECK(7, 4, 0) || LVGL_VERSION_MAJOR >= 8
    .underline_position = -2,
    .underline_thickness = 1,
#endif
    .dsc = &font_dsc,          /*The custom font data. Will be accessed by `get_glyph_bitmap/dsc` */
#if LV_VERSION_CHECK(8, 2, 0) || LVGL_VERSION_MAJOR >= 9
    .fallback = NULL,
#endif
    .user_data = NULL,
};

#endif /*#if UI_FONT_ROBOTO_MED_30*/